chain,chain_id,proxy_address,era_index,implementation_address,valid_from_block,valid_to_block,open_ended,opening_transition_kind,opening_event_implementation,opening_both_measured,opening_address_agrees,opening_order_agrees,slot_outcome,slot_address,slot_agreeing,slot_error_count,cross_check_blocked,check_points_total,check_points_measured,check_points_disagreeing,claimed_events,independently_confirmed_events,baseline_skipped_chunks,tail_complete,tail_skipped_chunks,tail_error_chunks,obligatorily_emits,frozen_safe_head,boundary_checked_through_block,source_manifest,manifest_sha256
XDC,50,0x22867567e2d80f2049200e25c6f31cb6ec2f0faf,1,0xea12bb3917cf6ae2fde97ce4756177703426d41f,95249624,9223372036854775807,true,creation_initialisation,0xea12bb3917cf6ae2fde97ce4756177703426d41f,true,true,true,answer,0xea12bb3917cf6ae2fde97ce4756177703426d41f,2,0,false,3,3,0,1,1,0,true,0,0,false,107765548,107576851,XDC-UBIScheme-0x22867567e2d80f2049200e25c6f31cb6ec2f0faf.json,4e36ea80731be01541942643f5bc624b1c233c5d429980b8e4ac76517a822c79
XDC,50,0x6bd698566632bf2e81e2278f1656cb24aaf06d2e,1,0xb22bb27d920a4efdafaa03a51e8a4c41e4cc4217,95144756,100123036,false,creation_initialisation,0xb22bb27d920a4efdafaa03a51e8a4c41e4cc4217,true,true,true,answer,0x783548481a6ca92b6589365161b31e3ed64d0c3c,2,0,false,5,5,0,2,2,0,true,0,0,false,107765548,107576851,XDC-Invites-0x6bd698566632bf2e81e2278f1656cb24aaf06d2e.json,cb8df3ee7a647f0ab6e6b6709fa25bfb73a39545a82ef803c3c1ae212488fd44
XDC,50,0x6bd698566632bf2e81e2278f1656cb24aaf06d2e,2,0x783548481a6ca92b6589365161b31e3ed64d0c3c,100123036,9223372036854775807,true,interior_boundary,0x783548481a6ca92b6589365161b31e3ed64d0c3c,true,true,true,answer,0x783548481a6ca92b6589365161b31e3ed64d0c3c,2,0,false,5,5,0,2,2,0,true,0,0,false,107765548,107576851,XDC-Invites-0x6bd698566632bf2e81e2278f1656cb24aaf06d2e.json,cb8df3ee7a647f0ab6e6b6709fa25bfb73a39545a82ef803c3c1ae212488fd44
FUSE,122,0xca2f09c3ccfd7ad5cb9276918bd1868f2b922ea0,1,0xca2f09c3ccfd7ad5cb9276918bd1868f2b922ea0,8853311,9117508,false,,,,,,answer,0x502aa6663621759d299f15bd967d53431daa9503,3,0,true,0,0,0,12,0,0,true,0,0,false,44310564,44232298,FUSE-Invites-0xca2f09c3ccfd7ad5cb9276918bd1868f2b922ea0.json,e2fd5fe30d305dfc7c2648e6dcefc037e15442ebca5e724e5116309f916b304a
FUSE,122,0xca2f09c3ccfd7ad5cb9276918bd1868f2b922ea0,2,0x0e9c269afd9ee20a349507c61092f58a636a1ed3,9117508,11656836,false,interior_boundary,0x0e9c269afd9ee20a349507c61092f58a636a1ed3,false,,,answer,0x502aa6663621759d299f15bd967d53431daa9503,3,0,true,0,0,0,12,0,0,true,0,0,false,44310564,44232298,FUSE-Invites-0xca2f09c3ccfd7ad5cb9276918bd1868f2b922ea0.json,e2fd5fe30d305dfc7c2648e6dcefc037e15442ebca5e724e5116309f916b304a
FUSE,122,0xca2f09c3ccfd7ad5cb9276918bd1868f2b922ea0,3,0x0c8e02371de8c6ec3a261bd24a419beb19171558,11656836,14140137,false,interior_boundary,0x0c8e02371de8c6ec3a261bd24a419beb19171558,false,,,answer,0x502aa6663621759d299f15bd967d53431daa9503,3,0,true,0,0,0,12,0,0,true,0,0,false,44310564,44232298,FUSE-Invites-0xca2f09c3ccfd7ad5cb9276918bd1868f2b922ea0.json,e2fd5fe30d305dfc7c2648e6dcefc037e15442ebca5e724e5116309f916b304a
FUSE,122,0xca2f09c3ccfd7ad5cb9276918bd1868f2b922ea0,4,0x1394a4658f88e40a6f7673136f533157dfb6ba20,14140137,14208467,false,interior_boundary,0x1394a4658f88e40a6f7673136f533157dfb6ba20,false,,,answer,0x502aa6663621759d299f15bd967d53431daa9503,3,0,true,0,0,0,12,0,0,true,0,0,false,44310564,44232298,FUSE-Invites-0xca2f09c3ccfd7ad5cb9276918bd1868f2b922ea0.json,e2fd5fe30d305dfc7c2648e6dcefc037e15442ebca5e724e5116309f916b304a
FUSE,122,0xca2f09c3ccfd7ad5cb9276918bd1868f2b922ea0,5,0xdd45a44f2e11fb95d1be4ac41501ca0b8cd60de7,14208467,16820893,false,interior_boundary,0xdd45a44f2e11fb95d1be4ac41501ca0b8cd60de7,false,,,answer,0x502aa6663621759d299f15bd967d53431daa9503,3,0,true,0,0,0,12,0,0,true,0,0,false,44310564,44232298,FUSE-Invites-0xca2f09c3ccfd7ad5cb9276918bd1868f2b922ea0.json,e2fd5fe30d305dfc7c2648e6dcefc037e15442ebca5e724e5116309f916b304a
FUSE,122,0xca2f09c3ccfd7ad5cb9276918bd1868f2b922ea0,6,0xd97ecd0487293e0e2b0b52f37eeb2951d69d43f0,16820893,16821011,false,interior_boundary,0xd97ecd0487293e0e2b0b52f37eeb2951d69d43f0,false,,,answer,0x502aa6663621759d299f15bd967d53431daa9503,3,0,true,0,0,0,12,0,0,true,0,0,false,44310564,44232298,FUSE-Invites-0xca2f09c3ccfd7ad5cb9276918bd1868f2b922ea0.json,e2fd5fe30d305dfc7c2648e6dcefc037e15442ebca5e724e5116309f916b304a
FUSE,122,0xca2f09c3ccfd7ad5cb9276918bd1868f2b922ea0,7,0x3ac09cfaa27c830693c55d5454ca39ced7b9cf3a,16821011,22038741,false,interior_boundary,0x3ac09cfaa27c830693c55d5454ca39ced7b9cf3a,false,,,answer,0x502aa6663621759d299f15bd967d53431daa9503,3,0,true,0,0,0,12,0,0,true,0,0,false,44310564,44232298,FUSE-Invites-0xca2f09c3ccfd7ad5cb9276918bd1868f2b922ea0.json,e2fd5fe30d305dfc7c2648e6dcefc037e15442ebca5e724e5116309f916b304a
FUSE,122,0xca2f09c3ccfd7ad5cb9276918bd1868f2b922ea0,8,0x4461384c11a73948ab62fd489478f7bbc3166528,22038741,22592960,false,interior_boundary,0x4461384c11a73948ab62fd489478f7bbc3166528,false,,,answer,0x502aa6663621759d299f15bd967d53431daa9503,3,0,true,0,0,0,12,0,0,true,0,0,false,44310564,44232298,FUSE-Invites-0xca2f09c3ccfd7ad5cb9276918bd1868f2b922ea0.json,e2fd5fe30d305dfc7c2648e6dcefc037e15442ebca5e724e5116309f916b304a
FUSE,122,0xca2f09c3ccfd7ad5cb9276918bd1868f2b922ea0,9,0xc5a2c8c6dbac1f1c934f9651733758ff3ba06345,22592960,22810725,false,interior_boundary,0xc5a2c8c6dbac1f1c934f9651733758ff3ba06345,false,,,answer,0x502aa6663621759d299f15bd967d53431daa9503,3,0,true,0,0,0,12,0,0,true,0,0,false,44310564,44232298,FUSE-Invites-0xca2f09c3ccfd7ad5cb9276918bd1868f2b922ea0.json,e2fd5fe30d305dfc7c2648e6dcefc037e15442ebca5e724e5116309f916b304a
FUSE,122,0xca2f09c3ccfd7ad5cb9276918bd1868f2b922ea0,10,0x618dc4c8f5aa433b6c8e03da1e69d299c6c49ef6,22810725,24219845,false,interior_boundary,0x618dc4c8f5aa433b6c8e03da1e69d299c6c49ef6,false,,,answer,0x502aa6663621759d299f15bd967d53431daa9503,3,0,true,0,0,0,12,0,0,true,0,0,false,44310564,44232298,FUSE-Invites-0xca2f09c3ccfd7ad5cb9276918bd1868f2b922ea0.json,e2fd5fe30d305dfc7c2648e6dcefc037e15442ebca5e724e5116309f916b304a
FUSE,122,0xca2f09c3ccfd7ad5cb9276918bd1868f2b922ea0,11,0x4072cb2d7e95def1559f6f72491039fe0534fa37,24219845,25470784,false,interior_boundary,0x4072cb2d7e95def1559f6f72491039fe0534fa37,false,,,answer,0x502aa6663621759d299f15bd967d53431daa9503,3,0,true,0,0,0,12,0,0,true,0,0,false,44310564,44232298,FUSE-Invites-0xca2f09c3ccfd7ad5cb9276918bd1868f2b922ea0.json,e2fd5fe30d305dfc7c2648e6dcefc037e15442ebca5e724e5116309f916b304a
FUSE,122,0xca2f09c3ccfd7ad5cb9276918bd1868f2b922ea0,12,0xef577898972e72c7bc03791d22f79c0056917517,25470784,25470814,false,interior_boundary,0xef577898972e72c7bc03791d22f79c0056917517,false,,,answer,0x502aa6663621759d299f15bd967d53431daa9503,3,0,true,0,0,0,12,0,0,true,0,0,false,44310564,44232298,FUSE-Invites-0xca2f09c3ccfd7ad5cb9276918bd1868f2b922ea0.json,e2fd5fe30d305dfc7c2648e6dcefc037e15442ebca5e724e5116309f916b304a
FUSE,122,0xca2f09c3ccfd7ad5cb9276918bd1868f2b922ea0,13,0x502aa6663621759d299f15bd967d53431daa9503,25470814,9223372036854775807,true,interior_boundary,0x502aa6663621759d299f15bd967d53431daa9503,false,,,answer,0x502aa6663621759d299f15bd967d53431daa9503,3,0,true,0,0,0,12,0,0,true,0,0,false,44310564,44232298,FUSE-Invites-0xca2f09c3ccfd7ad5cb9276918bd1868f2b922ea0.json,e2fd5fe30d305dfc7c2648e6dcefc037e15442ebca5e724e5116309f916b304a
FUSE,122,0xd253a5203817225e9768c05e5996d642fb96ba86,1,0xfaa48a6b603985a507f18ad7f453f784f1faa025,15747401,15748014,false,creation_initialisation,0xfaa48a6b603985a507f18ad7f453f784f1faa025,false,,,answer,0xc41d596a21965c8a28c1ae43ee8a0d2e66c4d961,3,0,true,0,0,0,13,0,0,true,0,0,false,44310564,44232298,FUSE-UBIScheme-0xd253a5203817225e9768c05e5996d642fb96ba86.json,96554e0f843a866a4e4fdee57e0e165a3ce2b3a105c5df61c665a6f91ad61f7f
FUSE,122,0xd253a5203817225e9768c05e5996d642fb96ba86,2,0xf288e44c7e5baa05b2de9d916e53b67c183e46e0,15748014,15750751,false,interior_boundary,0xf288e44c7e5baa05b2de9d916e53b67c183e46e0,false,,,answer,0xc41d596a21965c8a28c1ae43ee8a0d2e66c4d961,3,0,true,0,0,0,13,0,0,true,0,0,false,44310564,44232298,FUSE-UBIScheme-0xd253a5203817225e9768c05e5996d642fb96ba86.json,96554e0f843a866a4e4fdee57e0e165a3ce2b3a105c5df61c665a6f91ad61f7f
FUSE,122,0xd253a5203817225e9768c05e5996d642fb96ba86,3,0x0d7014649e6f5979d2a09a3d3ad2d3ae3eefb42e,15750751,15750869,false,interior_boundary,0x0d7014649e6f5979d2a09a3d3ad2d3ae3eefb42e,false,,,answer,0xc41d596a21965c8a28c1ae43ee8a0d2e66c4d961,3,0,true,0,0,0,13,0,0,true,0,0,false,44310564,44232298,FUSE-UBIScheme-0xd253a5203817225e9768c05e5996d642fb96ba86.json,96554e0f843a866a4e4fdee57e0e165a3ce2b3a105c5df61c665a6f91ad61f7f
FUSE,122,0xd253a5203817225e9768c05e5996d642fb96ba86,4,0x8294378a45b52389d45b623d0191f7285f4f047f,15750869,15750920,false,interior_boundary,0x8294378a45b52389d45b623d0191f7285f4f047f,false,,,answer,0xc41d596a21965c8a28c1ae43ee8a0d2e66c4d961,3,0,true,0,0,0,13,0,0,true,0,0,false,44310564,44232298,FUSE-UBIScheme-0xd253a5203817225e9768c05e5996d642fb96ba86.json,96554e0f843a866a4e4fdee57e0e165a3ce2b3a105c5df61c665a6f91ad61f7f
FUSE,122,0xd253a5203817225e9768c05e5996d642fb96ba86,5,0xa99ba154223052b8c5fd92b3f5df9eb08b72d5fc,15750920,15750929,false,interior_boundary,0xa99ba154223052b8c5fd92b3f5df9eb08b72d5fc,false,,,answer,0xc41d596a21965c8a28c1ae43ee8a0d2e66c4d961,3,0,true,0,0,0,13,0,0,true,0,0,false,44310564,44232298,FUSE-UBIScheme-0xd253a5203817225e9768c05e5996d642fb96ba86.json,96554e0f843a866a4e4fdee57e0e165a3ce2b3a105c5df61c665a6f91ad61f7f
FUSE,122,0xd253a5203817225e9768c05e5996d642fb96ba86,6,0x8294378a45b52389d45b623d0191f7285f4f047f,15750929,15751049,false,interior_boundary,0x8294378a45b52389d45b623d0191f7285f4f047f,false,,,answer,0xc41d596a21965c8a28c1ae43ee8a0d2e66c4d961,3,0,true,0,0,0,13,0,0,true,0,0,false,44310564,44232298,FUSE-UBIScheme-0xd253a5203817225e9768c05e5996d642fb96ba86.json,96554e0f843a866a4e4fdee57e0e165a3ce2b3a105c5df61c665a6f91ad61f7f
FUSE,122,0xd253a5203817225e9768c05e5996d642fb96ba86,7,0x76eb96616514adac35152155bbc614272f0601b3,15751049,17896941,false,interior_boundary,0x76eb96616514adac35152155bbc614272f0601b3,false,,,answer,0xc41d596a21965c8a28c1ae43ee8a0d2e66c4d961,3,0,true,0,0,0,13,0,0,true,0,0,false,44310564,44232298,FUSE-UBIScheme-0xd253a5203817225e9768c05e5996d642fb96ba86.json,96554e0f843a866a4e4fdee57e0e165a3ce2b3a105c5df61c665a6f91ad61f7f
FUSE,122,0xd253a5203817225e9768c05e5996d642fb96ba86,8,0x11f077ae87952948de96b975a805ebaa20eada12,17896941,17913778,false,interior_boundary,0x11f077ae87952948de96b975a805ebaa20eada12,false,,,answer,0xc41d596a21965c8a28c1ae43ee8a0d2e66c4d961,3,0,true,0,0,0,13,0,0,true,0,0,false,44310564,44232298,FUSE-UBIScheme-0xd253a5203817225e9768c05e5996d642fb96ba86.json,96554e0f843a866a4e4fdee57e0e165a3ce2b3a105c5df61c665a6f91ad61f7f
FUSE,122,0xd253a5203817225e9768c05e5996d642fb96ba86,9,0x306cd90bfefb7e409f089a1bde1aa77bbc4cb660,17913778,17913899,false,interior_boundary,0x306cd90bfefb7e409f089a1bde1aa77bbc4cb660,false,,,answer,0xc41d596a21965c8a28c1ae43ee8a0d2e66c4d961,3,0,true,0,0,0,13,0,0,true,0,0,false,44310564,44232298,FUSE-UBIScheme-0xd253a5203817225e9768c05e5996d642fb96ba86.json,96554e0f843a866a4e4fdee57e0e165a3ce2b3a105c5df61c665a6f91ad61f7f
FUSE,122,0xd253a5203817225e9768c05e5996d642fb96ba86,10,0xb22764dce0960b61c5a8d688f075857632917a93,17913899,17927761,false,interior_boundary,0xb22764dce0960b61c5a8d688f075857632917a93,false,,,answer,0xc41d596a21965c8a28c1ae43ee8a0d2e66c4d961,3,0,true,0,0,0,13,0,0,true,0,0,false,44310564,44232298,FUSE-UBIScheme-0xd253a5203817225e9768c05e5996d642fb96ba86.json,96554e0f843a866a4e4fdee57e0e165a3ce2b3a105c5df61c665a6f91ad61f7f
FUSE,122,0xd253a5203817225e9768c05e5996d642fb96ba86,11,0xbb6dff610ecbea25a6c57b086ef92c6724306a76,17927761,25635053,false,interior_boundary,0xbb6dff610ecbea25a6c57b086ef92c6724306a76,false,,,answer,0xc41d596a21965c8a28c1ae43ee8a0d2e66c4d961,3,0,true,0,0,0,13,0,0,true,0,0,false,44310564,44232298,FUSE-UBIScheme-0xd253a5203817225e9768c05e5996d642fb96ba86.json,96554e0f843a866a4e4fdee57e0e165a3ce2b3a105c5df61c665a6f91ad61f7f
FUSE,122,0xd253a5203817225e9768c05e5996d642fb96ba86,12,0x1c90f733e1724bd1db47f84cde4f9e83087cfb6d,25635053,38729068,false,interior_boundary,0x1c90f733e1724bd1db47f84cde4f9e83087cfb6d,false,,,answer,0xc41d596a21965c8a28c1ae43ee8a0d2e66c4d961,3,0,true,0,0,0,13,0,0,true,0,0,false,44310564,44232298,FUSE-UBIScheme-0xd253a5203817225e9768c05e5996d642fb96ba86.json,96554e0f843a866a4e4fdee57e0e165a3ce2b3a105c5df61c665a6f91ad61f7f
FUSE,122,0xd253a5203817225e9768c05e5996d642fb96ba86,13,0xc41d596a21965c8a28c1ae43ee8a0d2e66c4d961,38729068,9223372036854775807,true,interior_boundary,0xc41d596a21965c8a28c1ae43ee8a0d2e66c4d961,false,,,answer,0xc41d596a21965c8a28c1ae43ee8a0d2e66c4d961,3,0,true,0,0,0,13,0,0,true,0,0,false,44310564,44232298,FUSE-UBIScheme-0xd253a5203817225e9768c05e5996d642fb96ba86.json,96554e0f843a866a4e4fdee57e0e165a3ce2b3a105c5df61c665a6f91ad61f7f
CELO,42220,0x36829d1cda92fff5782d5d48991620664fc857d3,1,0xdbc8860618482f703a4047340b8639b1452f96ec,18003063,18795892,false,creation_initialisation,0xdbc8860618482f703a4047340b8639b1452f96ec,false,,,answer,0x4072cb2d7e95def1559f6f72491039fe0534fa37,3,0,false,17,0,0,8,5,0,true,0,0,false,78698174,78286906,CELO-Invites-0x36829d1cda92fff5782d5d48991620664fc857d3.json,d69865ff84b5d38adb4dc6c0978fa46abde037b35cdb492734d29a55a7728cae
CELO,42220,0x36829d1cda92fff5782d5d48991620664fc857d3,2,0x61760d949357066ae29c469b70a91934273e4ef3,18795892,20211506,false,interior_boundary,0x61760d949357066ae29c469b70a91934273e4ef3,false,,,answer,0x4072cb2d7e95def1559f6f72491039fe0534fa37,3,0,false,17,0,0,8,5,0,true,0,0,false,78698174,78286906,CELO-Invites-0x36829d1cda92fff5782d5d48991620664fc857d3.json,d69865ff84b5d38adb4dc6c0978fa46abde037b35cdb492734d29a55a7728cae
CELO,42220,0x36829d1cda92fff5782d5d48991620664fc857d3,3,0x142e6d0afdd09c8629970b5fb0cf9798a3d21f89,20211506,20645578,false,interior_boundary,0x142e6d0afdd09c8629970b5fb0cf9798a3d21f89,false,,,answer,0x4072cb2d7e95def1559f6f72491039fe0534fa37,3,0,false,17,0,0,8,5,0,true,0,0,false,78698174,78286906,CELO-Invites-0x36829d1cda92fff5782d5d48991620664fc857d3.json,d69865ff84b5d38adb4dc6c0978fa46abde037b35cdb492734d29a55a7728cae
CELO,42220,0x36829d1cda92fff5782d5d48991620664fc857d3,4,0x80fbdcf20af77d7dcb21d7104faddbc5d8bd83eb,20645578,24428495,false,interior_boundary,0x80fbdcf20af77d7dcb21d7104faddbc5d8bd83eb,false,,,answer,0x4072cb2d7e95def1559f6f72491039fe0534fa37,3,0,false,17,0,0,8,5,0,true,0,0,false,78698174,78286906,CELO-Invites-0x36829d1cda92fff5782d5d48991620664fc857d3.json,d69865ff84b5d38adb4dc6c0978fa46abde037b35cdb492734d29a55a7728cae
CELO,42220,0x36829d1cda92fff5782d5d48991620664fc857d3,5,0xd2e26679b4d21cb501ebbc99744c29ed061a6b8c,24428495,24518263,false,interior_boundary,0xd2e26679b4d21cb501ebbc99744c29ed061a6b8c,false,,,answer,0x4072cb2d7e95def1559f6f72491039fe0534fa37,3,0,false,17,0,0,8,5,0,true,0,0,false,78698174,78286906,CELO-Invites-0x36829d1cda92fff5782d5d48991620664fc857d3.json,d69865ff84b5d38adb4dc6c0978fa46abde037b35cdb492734d29a55a7728cae
CELO,42220,0x36829d1cda92fff5782d5d48991620664fc857d3,6,0x87c222b6212b8352c48b7047e5c97c8797535a09,24518263,24600260,false,interior_boundary,0x87c222b6212b8352c48b7047e5c97c8797535a09,false,,,answer,0x4072cb2d7e95def1559f6f72491039fe0534fa37,3,0,false,17,0,0,8,5,0,true,0,0,false,78698174,78286906,CELO-Invites-0x36829d1cda92fff5782d5d48991620664fc857d3.json,d69865ff84b5d38adb4dc6c0978fa46abde037b35cdb492734d29a55a7728cae
CELO,42220,0x36829d1cda92fff5782d5d48991620664fc857d3,7,0xf2196f8c2ba0674a8b00369cd65fab3f54b080a0,24600260,61165821,false,interior_boundary,0xf2196f8c2ba0674a8b00369cd65fab3f54b080a0,false,,,answer,0x4072cb2d7e95def1559f6f72491039fe0534fa37,3,0,false,17,0,0,8,5,0,true,0,0,false,78698174,78286906,CELO-Invites-0x36829d1cda92fff5782d5d48991620664fc857d3.json,d69865ff84b5d38adb4dc6c0978fa46abde037b35cdb492734d29a55a7728cae
CELO,42220,0x36829d1cda92fff5782d5d48991620664fc857d3,8,0x4072cb2d7e95def1559f6f72491039fe0534fa37,61165821,9223372036854775807,true,interior_boundary,0x4072cb2d7e95def1559f6f72491039fe0534fa37,false,,,answer,0x4072cb2d7e95def1559f6f72491039fe0534fa37,3,0,false,17,0,0,8,5,0,true,0,0,false,78698174,78286906,CELO-Invites-0x36829d1cda92fff5782d5d48991620664fc857d3.json,d69865ff84b5d38adb4dc6c0978fa46abde037b35cdb492734d29a55a7728cae
CELO,42220,0x43d72ff17701b2da814620735c39c620ce0ea4a1,1,0xedbe438cd865992fdb72dd252e6055a71b02be72,18006679,19276072,false,creation_initialisation,0xedbe438cd865992fdb72dd252e6055a71b02be72,false,,,answer,0x43f0eb66ea3c2d9552241525aa1af6607227dfbf,2,1,false,9,0,0,4,3,0,true,0,0,false,78698174,78286906,CELO-UBIScheme-0x43d72ff17701b2da814620735c39c620ce0ea4a1.json,23ed554b63b086930ca3ea996cb5c1a705d4433ad29f650f1b69fb4fa8f0248e
CELO,42220,0x43d72ff17701b2da814620735c39c620ce0ea4a1,2,0x854f84ef0d9abc1e0afb4e96c962d5456b62214e,19276072,23063176,false,interior_boundary,0x854f84ef0d9abc1e0afb4e96c962d5456b62214e,false,,,answer,0x43f0eb66ea3c2d9552241525aa1af6607227dfbf,2,1,false,9,0,0,4,3,0,true,0,0,false,78698174,78286906,CELO-UBIScheme-0x43d72ff17701b2da814620735c39c620ce0ea4a1.json,23ed554b63b086930ca3ea996cb5c1a705d4433ad29f650f1b69fb4fa8f0248e
CELO,42220,0x43d72ff17701b2da814620735c39c620ce0ea4a1,3,0xe8fcbac4bd18f80301450e428518e9dedc183a26,23063176,50351048,false,interior_boundary,0xe8fcbac4bd18f80301450e428518e9dedc183a26,false,,,answer,0x43f0eb66ea3c2d9552241525aa1af6607227dfbf,2,1,false,9,0,0,4,3,0,true,0,0,false,78698174,78286906,CELO-UBIScheme-0x43d72ff17701b2da814620735c39c620ce0ea4a1.json,23ed554b63b086930ca3ea996cb5c1a705d4433ad29f650f1b69fb4fa8f0248e
CELO,42220,0x43d72ff17701b2da814620735c39c620ce0ea4a1,4,0x43f0eb66ea3c2d9552241525aa1af6607227dfbf,50351048,9223372036854775807,true,interior_boundary,0x43f0eb66ea3c2d9552241525aa1af6607227dfbf,false,,,answer,0x43f0eb66ea3c2d9552241525aa1af6607227dfbf,2,1,false,9,0,0,4,3,0,true,0,0,false,78698174,78286906,CELO-UBIScheme-0x43d72ff17701b2da814620735c39c620ce0ea4a1.json,23ed554b63b086930ca3ea996cb5c1a705d4433ad29f650f1b69fb4fa8f0248e
