chain,chain_id,proxy_address,valid_from_block,valid_to_block,implementation,abi_id,confidence_grade,evidence_receipt_uri,contract_name,era_index,is_live
ETHEREUM,1,0x02416eb83cff1f19163f21010149c3867f3261e1,14132483,9223372036854775807,0x02416eb83cff1f19163f21010149c3867f3261e1,0x19d236ce0180396e675601e31fe953bba57e046cfcfee783c621862b4696e065,inferred,gd_dbt/seeds/contract_deployments.csv#ETHEREUM/0x02416eb83cff1f19163f21010149c3867f3261e1/era=1,StakingContractsV2,1,true
ETHEREUM,1,0x0c6c80d2061afa35e160f3799411d83bdeea0a5a,14338654,16240765,0x4a10354b8e1928c38cc6a738cd2748fa1c818cea,0xbb78513636d0bcb8076eb8dded78b38961998755abb5d65b2b29b04109c8135b,announced,gd_dbt/seeds/contract_deployments.csv#ETHEREUM/0x0c6c80d2061afa35e160f3799411d83bdeea0a5a/era=1,GoodFundManager,1,false
ETHEREUM,1,0x0c6c80d2061afa35e160f3799411d83bdeea0a5a,16240765,18190480,0x53b3c6b18a03a9a0c3487cf1230eea1eb9a38a0a,0x3069da8e333310c4eee88b81b810e14ededc06f5904a64dd8198129ae82eb4d4,slot_bisected,gd_dbt/seeds/contract_deployments.csv#ETHEREUM/0x0c6c80d2061afa35e160f3799411d83bdeea0a5a/era=2,GoodFundManager,2,false
ETHEREUM,1,0x0c6c80d2061afa35e160f3799411d83bdeea0a5a,18190480,22165594,0x4a37a8d7cdb43d89b4dbd7ecfaeaf9bd39e24929,0x1603edb57ff936d52c7ff4f3696a591f39bf8b46b8e93cf5591de63473bf48ba,slot_bisected,gd_dbt/seeds/contract_deployments.csv#ETHEREUM/0x0c6c80d2061afa35e160f3799411d83bdeea0a5a/era=3,GoodFundManager,3,false
ETHEREUM,1,0x0c6c80d2061afa35e160f3799411d83bdeea0a5a,22165594,9223372036854775807,0xaacbaab8571cbeceb46ba85b5981efdb8928545e,0x80dcb898400e373e62b938941ea18dba14b621a35ec858897bdee60bb21a5b64,slot_bisected,gd_dbt/seeds/contract_deployments.csv#ETHEREUM/0x0c6c80d2061afa35e160f3799411d83bdeea0a5a/era=4,GoodFundManager,4,true
ETHEREUM,1,0x169e633a2d1e6c10dd91238ba11c4a708dfef37c,10606498,9223372036854775807,0x169e633a2d1e6c10dd91238ba11c4a708dfef37c,0x4b79b5c8aee6da0f7b393e8b53e6265ef7320a1d16184c65bd3841b5aa3d700d,inferred,gd_dbt/seeds/contract_deployments.csv#ETHEREUM/0x169e633a2d1e6c10dd91238ba11c4a708dfef37c/era=1,GAS_PRICE_ORACLE,1,true
ETHEREUM,1,0x1ecfd1afb601c406ff0e13c3485f2d75699b6817,10561463,9223372036854775807,0x1ecfd1afb601c406ff0e13c3485f2d75699b6817,0x8a27316984da83331e574723efd0810faf4d7065f3037b8778d9c572ea49c6d8,announced,gd_dbt/seeds/contract_deployments.csv#ETHEREUM/0x1ecfd1afb601c406ff0e13c3485f2d75699b6817/era=1,Avatar,1,true
ETHEREUM,1,0x3ff2d8eb2573819a9ef7167d2ba6fd6d31b17f4f,14338483,9223372036854775807,0x3ff2d8eb2573819a9ef7167d2ba6fd6d31b17f4f,0xcce057daa357d310d82f1bba3c24f93cb7c7b0d8d00d185c1c8395abbbaf036b,inferred,gd_dbt/seeds/contract_deployments.csv#ETHEREUM/0x3ff2d8eb2573819a9ef7167d2ba6fd6d31b17f4f/era=1,StakingContractsV3,1,true
ETHEREUM,1,0x5766cf4b2fdb09d986eb1783d276013c224e28c8,14338550,22165594,0x5f78ed3a4fdde9e9d91d3707a847fb4ad820ce26,0x23c18a3cc25e04ccd645243059a51da30d3ed25a321c6997f8db86ef90573106,announced,gd_dbt/seeds/contract_deployments.csv#ETHEREUM/0x5766cf4b2fdb09d986eb1783d276013c224e28c8/era=1,StakersDistribution,1,false
ETHEREUM,1,0x5766cf4b2fdb09d986eb1783d276013c224e28c8,22165594,9223372036854775807,0x92c69a12c2ffc54afcfa320be7305ffd0f5782e0,0xdb6b68ed9eb7db3045bc8fdf06a2da5d34164ff07e810f4e5c270cbdd24d479b,slot_bisected,gd_dbt/seeds/contract_deployments.csv#ETHEREUM/0x5766cf4b2fdb09d986eb1783d276013c224e28c8/era=2,StakersDistribution,2,true
ETHEREUM,1,0x57ee6ceff51cb30ecb1245934a882c500fbec1e9,14380642,22165594,0x92af163505c05d63a4f7478c01b9af9be369c143,0x6eaae71845e0c65ee44592019c400d81c9ebca6b3a544cdc10368c6af43f4216,announced,gd_dbt/seeds/contract_deployments.csv#ETHEREUM/0x57ee6ceff51cb30ecb1245934a882c500fbec1e9/era=1,CompoundVotingMachine,1,false
ETHEREUM,1,0x57ee6ceff51cb30ecb1245934a882c500fbec1e9,22165594,9223372036854775807,0x807d0066d60a0a8312b6d191f60a6938a527e971,0x0d5e8f324a69af2b72f2d9e3266036966ba2bcfd2d594f82c28b0ab275d6d5ed,slot_bisected,gd_dbt/seeds/contract_deployments.csv#ETHEREUM/0x57ee6ceff51cb30ecb1245934a882c500fbec1e9/era=2,CompoundVotingMachine,2,true
ETHEREUM,1,0x5d3a536e4d6dbd6114cc1ead35777bab948e3643,8983575,9223372036854775807,0x5d3a536e4d6dbd6114cc1ead35777bab948e3643,0x3f1d4a4e2a03855c7ee8f6f2477c1245752a5ca3ef28d59e8fd509efe59ef877,announced,gd_dbt/seeds/contract_deployments.csv#ETHEREUM/0x5d3a536e4d6dbd6114cc1ead35777bab948e3643/era=1,cDAI,1,true
ETHEREUM,1,0x5f4ec3df9cbd43714fe2740f5e3616155c5b8419,10606501,9223372036854775807,0x5f4ec3df9cbd43714fe2740f5e3616155c5b8419,0x4b79b5c8aee6da0f7b393e8b53e6265ef7320a1d16184c65bd3841b5aa3d700d,inferred,gd_dbt/seeds/contract_deployments.csv#ETHEREUM/0x5f4ec3df9cbd43714fe2740f5e3616155c5b8419/era=1,ETH_USD_ORACLE,1,true
ETHEREUM,1,0x603b8c0f110e037b51a381cbcacabb8d6c6e4543,14344739,14352686,0x0a5dcf330ba39434dbda59b982a3dd09759cc788,0x824339abb39e2b39cb85a8e45048c2eb366c9110a4918c2ea2d1f102f0354367,announced,gd_dbt/seeds/contract_deployments.csv#ETHEREUM/0x603b8c0f110e037b51a381cbcacabb8d6c6e4543/era=1,GReputation,1,false
ETHEREUM,1,0x603b8c0f110e037b51a381cbcacabb8d6c6e4543,14352686,16885600,0x438eb12a081041b525731c34086de3ed31658dee,0x40781353ff48e1d9fe0feada2bf9c447956538f67d1b9a2f0d72d7c1fe8cc7be,slot_bisected,gd_dbt/seeds/contract_deployments.csv#ETHEREUM/0x603b8c0f110e037b51a381cbcacabb8d6c6e4543/era=2,GReputation,2,false
ETHEREUM,1,0x603b8c0f110e037b51a381cbcacabb8d6c6e4543,16885600,9223372036854775807,0x634e25b6ffde325d5beb8c6c2d8af6d543b6ff7f,0x0b6ff946fd1ad1ebc33dd134a57713419b8ac0fdecbd56db74ffcf6266909cc5,slot_bisected,gd_dbt/seeds/contract_deployments.csv#ETHEREUM/0x603b8c0f110e037b51a381cbcacabb8d6c6e4543/era=3,GReputation,3,true
ETHEREUM,1,0x67c5870b4a41d4ebef24d2456547a03f1f3e094b,10561463,9223372036854775807,0x67c5870b4a41d4ebef24d2456547a03f1f3e094b,0x554945bfa422af5800554ef7b37f229465f13208db908d482249f1dd9803a3c0,announced,gd_dbt/seeds/contract_deployments.csv#ETHEREUM/0x67c5870b4a41d4ebef24d2456547a03f1f3e094b/era=1,GoodDollar,1,true
ETHEREUM,1,0x6b175474e89094c44da98b954eedeac495271d0f,8928158,9223372036854775807,0x6b175474e89094c44da98b954eedeac495271d0f,0x4e36f96ee1667a663dfaac57c4d185a0e369a3a217e0079d49620f34f85d1ac7,announced,gd_dbt/seeds/contract_deployments.csv#ETHEREUM/0x6b175474e89094c44da98b954eedeac495271d0f/era=1,DAI,1,true
ETHEREUM,1,0x765277eebeca2e31912c9946eae1021199b39c61,12242619,9223372036854775807,0x765277eebeca2e31912c9946eae1021199b39c61,0xf8548d4270316b12fe3628b1d57ba1d79cd8a97861793af639eb0ee1ba330356,inferred,gd_dbt/seeds/contract_deployments.csv#ETHEREUM/0x765277eebeca2e31912c9946eae1021199b39c61/era=1,MultichainRouter,1,true
ETHEREUM,1,0x76e76e10ac308a1d54a00f9df27edce4801f288b,10561341,9223372036854775807,0x76e76e10ac308a1d54a00f9df27edce4801f288b,0x83c740a8ac588a566556553a334afdfded5add581f27efc0215d3ccfd842eaad,inferred,gd_dbt/seeds/contract_deployments.csv#ETHEREUM/0x76e76e10ac308a1d54a00f9df27edce4801f288b/era=1,Identity,1,true
ETHEREUM,1,0x773616e4d11a78f511299002da57a0a94577f1f4,10606425,9223372036854775807,0x773616e4d11a78f511299002da57a0a94577f1f4,0x4b79b5c8aee6da0f7b393e8b53e6265ef7320a1d16184c65bd3841b5aa3d700d,inferred,gd_dbt/seeds/contract_deployments.csv#ETHEREUM/0x773616e4d11a78f511299002da57a0a94577f1f4/era=1,DAI_ETH_ORACLE,1,true
ETHEREUM,1,0x78cc5ab2f0990b5fe58f95baebf8f37879534aeb,14338308,9223372036854775807,0x78cc5ab2f0990b5fe58f95baebf8f37879534aeb,0x883ade859bcf2356e3b7cd3523018b571087dced077a1ed4ac45a4c96d8d3980,announced,gd_dbt/seeds/contract_deployments.csv#ETHEREUM/0x78cc5ab2f0990b5fe58f95baebf8f37879534aeb/era=1,CompoundStakingFactory,1,true
ETHEREUM,1,0x7a250d5630b4cf539739df2c5dacb4c659f2488d,10207858,9223372036854775807,0x7a250d5630b4cf539739df2c5dacb4c659f2488d,0xa324bc7db3d091b6f1a2d526e48a9c7039e03b3cc35f7d44b15ac7a1544c11d2,inferred,gd_dbt/seeds/contract_deployments.csv#ETHEREUM/0x7a250d5630b4cf539739df2c5dacb4c659f2488d/era=1,UNISWAP_ROUTER,1,true
ETHEREUM,1,0x7b7246c78e2f900d17646ff0cb2ec47d6ba10754,14338454,9223372036854775807,0x7b7246c78e2f900d17646ff0cb2ec47d6ba10754,0x581fa12f95a355336e4fff7a6b5a324f6f93c8c1de4c4e0a3d839c3d8219db04,inferred,gd_dbt/seeds/contract_deployments.csv#ETHEREUM/0x7b7246c78e2f900d17646ff0cb2ec47d6ba10754/era=1,StakingContractsV3,1,true
ETHEREUM,1,0x8eec64bb6807c0178f96277cce6a334b4e565e5c,10569456,9223372036854775807,0x8eec64bb6807c0178f96277cce6a334b4e565e5c,0x8afd3472b2ba7c9664301e1db0e1a4ff03e1d4abf7037870060aec9479e95d88,announced,gd_dbt/seeds/contract_deployments.csv#ETHEREUM/0x8eec64bb6807c0178f96277cce6a334b4e565e5c/era=1,Contribution,1,true
ETHEREUM,1,0x95c0d9dcea1e243ed696f34cac5e6559c3c128a3,10561463,9223372036854775807,0x95c0d9dcea1e243ed696f34cac5e6559c3c128a3,0x1cce4814ac502cec7e982e73d29bdc95e9094476ba971b6777f8abd4a415fc26,announced,gd_dbt/seeds/contract_deployments.csv#ETHEREUM/0x95c0d9dcea1e243ed696f34cac5e6559c3c128a3/era=1,Controller,1,true
ETHEREUM,1,0x98fa532dd5c3a6b66fbf370813803192de4e0abd,14296277,22165594,0xbebbd9538d594619d36d48666e12d8c9f8372736,0x26322c949531dde942496f5930d4820de88a98c486980fc5f4f43cbe5ea5a594,announced,gd_dbt/seeds/contract_deployments.csv#ETHEREUM/0x98fa532dd5c3a6b66fbf370813803192de4e0abd/era=1,ExchangeHelper,1,false
ETHEREUM,1,0x98fa532dd5c3a6b66fbf370813803192de4e0abd,22165594,9223372036854775807,0x24614ad257f4d09fccaec024c65c40c060e73e9d,0xcbdb11d6fd35031a639ffb1834cbce6879073b685912f740dd2a9b4ada1dd2b8,slot_bisected,gd_dbt/seeds/contract_deployments.csv#ETHEREUM/0x98fa532dd5c3a6b66fbf370813803192de4e0abd/era=2,ExchangeHelper,2,true
ETHEREUM,1,0xa049894d5dcad406b7c827d6dc6a0b58ca4ae73a,10566777,9223372036854775807,0xa049894d5dcad406b7c827d6dc6a0b58ca4ae73a,0xd17f840b97128d5f5ecc258913b071648460f9c11298c00d21cb478907f2ac03,announced,gd_dbt/seeds/contract_deployments.csv#ETHEREUM/0xa049894d5dcad406b7c827d6dc6a0b58ca4ae73a/era=1,BancorFormula,1,true
ETHEREUM,1,0xa150a825d425b36329d8294eef8bd0fe68f8f6e0,14296271,16174339,0x865193da25c4fe135421fca78d2bd061b6efd744,0xb04200c786691948f77f0a7be422af88e22b5a424ee637df3f722a6e45a9de10,announced,gd_dbt/seeds/contract_deployments.csv#ETHEREUM/0xa150a825d425b36329d8294eef8bd0fe68f8f6e0/era=1,GoodReserveCDai,1,false
ETHEREUM,1,0xa150a825d425b36329d8294eef8bd0fe68f8f6e0,16174339,18190480,0x6e1c3f516ffd14852f9b25f21af13b6ce98dace5,0xa6ee500bfe454a9e75a1741294ee0b7729c3f510b5022de40246caa38c53a2cc,slot_bisected,gd_dbt/seeds/contract_deployments.csv#ETHEREUM/0xa150a825d425b36329d8294eef8bd0fe68f8f6e0/era=2,GoodReserveCDai,2,false
ETHEREUM,1,0xa150a825d425b36329d8294eef8bd0fe68f8f6e0,18190480,22165594,0x2793a5887f53b025f49f7a9249d66f4671bce29b,0x2befbf5a304c75892209914c0a756d8c1c8bf82dd6508e3656eba753d100ad1f,slot_bisected,gd_dbt/seeds/contract_deployments.csv#ETHEREUM/0xa150a825d425b36329d8294eef8bd0fe68f8f6e0/era=3,GoodReserveCDai,3,false
ETHEREUM,1,0xa150a825d425b36329d8294eef8bd0fe68f8f6e0,22165594,9223372036854775807,0x18bcdf79a724648bf34eb06701be81bd072a2384,0x43410466ac894d865cff8f6bbeaf0ede8804ae379f6260a2cd7c8ea0ac9ddc05,announced,gd_dbt/seeds/contract_deployments.csv#ETHEREUM/0xa150a825d425b36329d8294eef8bd0fe68f8f6e0/era=4,GoodReserveCDai,4,true
ETHEREUM,1,0xa2db14c68ab35e620fea5bf07d65e9bff84c994c,11512052,9223372036854775807,0xa2db14c68ab35e620fea5bf07d65e9bff84c994c,0x2b57f0728a5ffe03a475faab83005c468d0f669c0a473f87425e3edb6101ec8a,inferred,gd_dbt/seeds/contract_deployments.csv#ETHEREUM/0xa2db14c68ab35e620fea5bf07d65e9bff84c994c/era=1,ProxyAdmin,1,true
ETHEREUM,1,0xa3247276dbcc76dd7705273f766eb3e8a5ecf4a5,18162554,18162562,0x0000000000000000000000000000000000000000,impl:0x0000000000000000000000000000000000000000,inferred,gd_dbt/seeds/contract_deployments.csv#ETHEREUM/0xa3247276dbcc76dd7705273f766eb3e8a5ecf4a5/era=1,MpbBridge,1,false
ETHEREUM,1,0xa3247276dbcc76dd7705273f766eb3e8a5ecf4a5,18162562,22165594,0xf19fb90fa4ddb67c330b41ad4d64ef75b9d8cd33,0x2e5d3e54855f5864dc7e6abf562989a74a3fc1e020b976c592a79a7b2da9c408,slot_bisected,gd_dbt/seeds/contract_deployments.csv#ETHEREUM/0xa3247276dbcc76dd7705273f766eb3e8a5ecf4a5/era=2,MpbBridge,2,false
ETHEREUM,1,0xa3247276dbcc76dd7705273f766eb3e8a5ecf4a5,22165594,23940256,0x618fae127b803eabf72f9e86a88a7505eebf218a,0xf89052533300161b0a7d20c5eb600d0850f5c95fb48f1e2727825b231cd1b0aa,slot_bisected,gd_dbt/seeds/contract_deployments.csv#ETHEREUM/0xa3247276dbcc76dd7705273f766eb3e8a5ecf4a5/era=3,MpbBridge,3,false
ETHEREUM,1,0xa3247276dbcc76dd7705273f766eb3e8a5ecf4a5,23940256,24641278,0x12ab702f015d3302f3cc0c4aba0626a127d06a07,0xd28a518f866e7d53b195a37a71eb04cc68fee21d7cb991427934b6f9d53e1fc2,slot_bisected,gd_dbt/seeds/contract_deployments.csv#ETHEREUM/0xa3247276dbcc76dd7705273f766eb3e8a5ecf4a5/era=4,MpbBridge,4,false
ETHEREUM,1,0xa3247276dbcc76dd7705273f766eb3e8a5ecf4a5,24641278,9223372036854775807,0x3a2d0a9ef558b42af5ff8d27fe438b466fa7692f,0x104d6ab3b6a95b2ebf4cfb4a6cb485f5e4b5ef02c3d119c07e43322bbd5daacf,slot_bisected,gd_dbt/seeds/contract_deployments.csv#ETHEREUM/0xa3247276dbcc76dd7705273f766eb3e8a5ecf4a5/era=5,MpbBridge,5,true
ETHEREUM,1,0xacada0c9795fdbb6921ae96c4d7db2f8b8c52fd0,16167621,17661435,0x42cda1bd60cc66ab2e2411e8c93db436c8a27060,0x15354959eb9bdda169ce6b338a64f4949ca5fd2fc4fa790fc506f7b62f221520,announced,gd_dbt/seeds/contract_deployments.csv#ETHEREUM/0xacada0c9795fdbb6921ae96c4d7db2f8b8c52fd0/era=1,DistributionHelper,1,false
ETHEREUM,1,0xacada0c9795fdbb6921ae96c4d7db2f8b8c52fd0,17661435,18190480,0x16171d113d9592b77cec52b8cc4bdd6f5810daef,0xf80378215ded3a92155f1331c852040bbabb670f2aa13da253d5af430ab7082d,slot_bisected,gd_dbt/seeds/contract_deployments.csv#ETHEREUM/0xacada0c9795fdbb6921ae96c4d7db2f8b8c52fd0/era=2,DistributionHelper,2,false
ETHEREUM,1,0xacada0c9795fdbb6921ae96c4d7db2f8b8c52fd0,18190480,18719715,0x80fbdcf20af77d7dcb21d7104faddbc5d8bd83eb,0xb95001d06c848c5680808debf2aba0ed20f162ec873722d17784acf0aeb7acdc,slot_bisected,gd_dbt/seeds/contract_deployments.csv#ETHEREUM/0xacada0c9795fdbb6921ae96c4d7db2f8b8c52fd0/era=3,DistributionHelper,3,false
ETHEREUM,1,0xacada0c9795fdbb6921ae96c4d7db2f8b8c52fd0,18719715,22165594,0xa339b7f4e95a93d2c6569cb139ad034c3b9caa77,0x6b215c6b5d9777cc6f1f5f2130a9b2c9fe16e933e18b076243e9181c446921f1,slot_bisected,gd_dbt/seeds/contract_deployments.csv#ETHEREUM/0xacada0c9795fdbb6921ae96c4d7db2f8b8c52fd0/era=4,DistributionHelper,4,false
ETHEREUM,1,0xacada0c9795fdbb6921ae96c4d7db2f8b8c52fd0,22165594,9223372036854775807,0xae2cd2a9513215961d344a2581dcab678598eedf,0xc3767b93a60456d6aa441ce3d8b319a5e479d9bde160f4dc87bedfc70558f73f,slot_bisected,gd_dbt/seeds/contract_deployments.csv#ETHEREUM/0xacada0c9795fdbb6921ae96c4d7db2f8b8c52fd0/era=5,DistributionHelper,5,true
ETHEREUM,1,0xc00e94cb662c3520282e6f5717214004a7f26888,9601359,9223372036854775807,0xc00e94cb662c3520282e6f5717214004a7f26888,0x9398f9b1f117941e8e25a4aff4d11754f48933cc3c08101975e3306e98d88c2a,announced,gd_dbt/seeds/contract_deployments.csv#ETHEREUM/0xc00e94cb662c3520282e6f5717214004a7f26888/era=1,COMP,1,true
ETHEREUM,1,0xd17652350cfd2a37ba2f947c910987a3b1a1c60d,14809447,9223372036854775807,0xd17652350cfd2a37ba2f947c910987a3b1a1c60d,0x48c30df8d84160f9085fffbc3ff8a72e42be14aca8ad94626249d836a1392565,announced,gd_dbt/seeds/contract_deployments.csv#ETHEREUM/0xd17652350cfd2a37ba2f947c910987a3b1a1c60d/era=1,AnyGoodDollar,1,true
ETHEREUM,1,0xd33ba17c8a644c585089145e86e282fada6f3bfd,13701103,9223372036854775807,0xd33ba17c8a644c585089145e86e282fada6f3bfd,0x80648f5b74b165322f61c0e45e315077d1eb8776607f893ce654bbc483382c54,inferred,gd_dbt/seeds/contract_deployments.csv#ETHEREUM/0xd33ba17c8a644c585089145e86e282fada6f3bfd/era=1,StakingContracts,1,true
ETHEREUM,1,0xd5d11ee582c8931f336fbcd135e98cee4db8ccb0,11238178,9223372036854775807,0xd5d11ee582c8931f336fbcd135e98cee4db8ccb0,0x2d05a6bd0ad793d9459975bf7760dcbfefa24baf8c7f70efa4aab6b52db668bb,announced,gd_dbt/seeds/contract_deployments.csv#ETHEREUM/0xd5d11ee582c8931f336fbcd135e98cee4db8ccb0/era=1,ForeignBridge,1,true
ETHEREUM,1,0xda85fced9bd193526b7667f2ad1fd4a0f900d3a7,14294877,9223372036854775807,0xda85fced9bd193526b7667f2ad1fd4a0f900d3a7,0x1a30c8ca34283aa6a8722d626c290a575108a1e4d7d018db6faf46c77e1f19a3,inferred,gd_dbt/seeds/contract_deployments.csv#ETHEREUM/0xda85fced9bd193526b7667f2ad1fd4a0f900d3a7/era=1,ProxyFactory,1,true
ETHEREUM,1,0xdac6a0c973ba7cf3526de456affa43ab421f659f,14296152,22165594,0xb3ff03c8a42506ba58b1127cd4b5928c7ed70a03,0x3ed7a72aaa5e00bea85f4c5a6b7cefc973c2e1e7a42754ed1812b5fa735ed268,announced,gd_dbt/seeds/contract_deployments.csv#ETHEREUM/0xdac6a0c973ba7cf3526de456affa43ab421f659f/era=1,GoodMarketMaker,1,false
ETHEREUM,1,0xdac6a0c973ba7cf3526de456affa43ab421f659f,22165594,9223372036854775807,0x8520633e40574e9550f6a0436b0f8d56f3b99bd0,0xfdd8235cfa88eea23f3dba545fdf43e6c4cf831b3dea3e2331c60606eaf380d1,slot_bisected,gd_dbt/seeds/contract_deployments.csv#ETHEREUM/0xdac6a0c973ba7cf3526de456affa43ab421f659f/era=2,GoodMarketMaker,2,true
ETHEREUM,1,0xe0c5daa7cc6f88d29505f702a53bb5e67600e7ec,16060725,9223372036854775807,0xe0c5daa7cc6f88d29505f702a53bb5e67600e7ec,0xb89c1b3bdf2cf8827818646bce9a8f6e372885f8c55e5c07acbd307cb133b000,inferred,gd_dbt/seeds/contract_deployments.csv#ETHEREUM/0xe0c5daa7cc6f88d29505f702a53bb5e67600e7ec/era=1,GuardiansSafe,1,true
ETHEREUM,1,0xec6dce387b1616a0c44ff2e4fa9e90e53cf14eb0,14295851,9223372036854775807,0xeb151e175d3d53032c2c185052e48c8c2d5c245d,0xce45d07e83296b1ea2bdaf7be5635193dda560b978c1afe17b4e87667f2b507a,announced,gd_dbt/seeds/contract_deployments.csv#ETHEREUM/0xec6dce387b1616a0c44ff2e4fa9e90e53cf14eb0/era=1,NameService,1,true
ETHEREUM,1,0xf4411c22766947db2da39ad534a040b770b51153,14338311,9223372036854775807,0xf4411c22766947db2da39ad534a040b770b51153,0xe5c076c8e4675670baa06fb5f76fee3dc8ef6f48b7c7df96efe4790d773e1771,announced,gd_dbt/seeds/contract_deployments.csv#ETHEREUM/0xf4411c22766947db2da39ad534a040b770b51153/era=1,AaveStakingFactory,1,true
ETHEREUM,1,0xf4c34bed7dd779485692bb1857acf9c561b45010,14132483,9223372036854775807,0xf4c34bed7dd779485692bb1857acf9c561b45010,0x6d7aa6e4422780f33acf8093fdbe3669832ad519486c8396b7320ba429c62497,inferred,gd_dbt/seeds/contract_deployments.csv#ETHEREUM/0xf4c34bed7dd779485692bb1857acf9c561b45010/era=1,StakingContractsV2,1,true
XDC,50,0x1e5154bf5e31ff56051bbd45958b879fb7a290fe,95143608,9223372036854775807,0x653c67be5b3739708e84b61641253822405d78d8,0xaa0ffd7041640c8b913e2b76301b0ffa064ee7a84aad1d43b631dac209b7f747,announced,gd_dbt/seeds/contract_deployments.csv#XDC/0x1e5154bf5e31ff56051bbd45958b879fb7a290fe/era=1,NameService,1,true
XDC,50,0x21eac3fe218307bee0463f77ebca3b50f452c0ce,95143598,9223372036854775807,0x21eac3fe218307bee0463f77ebca3b50f452c0ce,0x8a27316984da83331e574723efd0810faf4d7065f3037b8778d9c572ea49c6d8,announced,gd_dbt/seeds/contract_deployments.csv#XDC/0x21eac3fe218307bee0463f77ebca3b50f452c0ce/era=1,Avatar,1,true
XDC,50,0x22867567e2d80f2049200e25c6f31cb6ec2f0faf,95249624,9223372036854775807,0xea12bb3917cf6ae2fde97ce4756177703426d41f,0x1a2a42df99ac104b92c4f611df6d9d8e136aecf0875ac9be4dd49ab1be300c5c,corroborated,gd_dbt/seeds/era_boundary_evidence.csv#XDC/0x22867567e2d80f2049200e25c6f31cb6ec2f0faf/era=1,UBIScheme,1,true
XDC,50,0x2431f53afda24130722dbeb9f9b1b0b8d2fbb197,100111919,9223372036854775807,0x2431f53afda24130722dbeb9f9b1b0b8d2fbb197,0x83c1d603e8c3ed0dbd3a813582014dc03b823fa18aa71c5fa7786f5640837fff,inferred,gd_dbt/seeds/contract_deployments.csv#XDC/0x2431f53afda24130722dbeb9f9b1b0b8d2fbb197/era=1,UpdateReserveRatio,1,true
XDC,50,0x27a4a02c9ed591e1a86e2e5d05870292c34622c9,95143058,100340676,0x284a775f971c58c93cc5ee2a09a5f3496af9b11d,0x01ec062dc685b7aec5b7e7574302648c016d25423b86a8a999cbf05ee6ed3a85,announced,gd_dbt/seeds/contract_deployments.csv#XDC/0x27a4a02c9ed591e1a86e2e5d05870292c34622c9/era=1,Identity,1,false
XDC,50,0x27a4a02c9ed591e1a86e2e5d05870292c34622c9,100340676,9223372036854775807,0x28830934ad2146e7a273fd394f706571c2d09373,0x307c50e010de98eed4870743567fd1ad954811f59b99752b709dc18bbf868eab,slot_bisected,gd_dbt/seeds/contract_deployments.csv#XDC/0x27a4a02c9ed591e1a86e2e5d05870292c34622c9/era=2,Identity,2,true
XDC,50,0x2ffbb49055d487ddbbb0c052cd7c2a02a7971e41,100091095,100340676,0xd9ce916d711977d5b27697a13964556b4fb8af1d,0x65d8c817bac8f41eb34548c15ad6ae5e744da2bd5373916df3b8e63f1fecd916,announced,gd_dbt/seeds/contract_deployments.csv#XDC/0x2ffbb49055d487ddbbb0c052cd7c2a02a7971e41/era=1,MentoExchangeProvider,1,false
XDC,50,0x2ffbb49055d487ddbbb0c052cd7c2a02a7971e41,100340676,9223372036854775807,0xe930cde20f60d0a4fc9487874861ae259f5bed48,0x5ed71ccf7c4789f438827e074bc8bba84c7fc2c615495b12a2f9c51398a8b0d5,slot_bisected,gd_dbt/seeds/contract_deployments.csv#XDC/0x2ffbb49055d487ddbbb0c052cd7c2a02a7971e41/era=2,MentoExchangeProvider,2,true
XDC,50,0x3b9edecc4286ba33ea6e27119c2a4db99829839d,59782347,9223372036854775807,0x3b9edecc4286ba33ea6e27119c2a4db99829839d,0xec362365703d4ab51bd8adfb8f580413cba66e152720928a7c975d5197f2d07a,announced,gd_dbt/seeds/contract_deployments.csv#XDC/0x3b9edecc4286ba33ea6e27119c2a4db99829839d/era=1,UniswapV3Router,1,true
XDC,50,0x5557e9def86ad6564462741a7a3f3679c1223f5d,100091095,9223372036854775807,0x7288d592e1b9013c668801f722be650993d2925a,0x9da4f4203282696d49deb0c241e49e0ff09f8b6da2d463f69f3fc98e66899a74,announced,gd_dbt/seeds/contract_deployments.csv#XDC/0x5557e9def86ad6564462741a7a3f3679c1223f5d/era=1,MentoExpansionController,1,true
XDC,50,0x5be34022c26fa03a8d6926314a42414c7ca2df51,95142721,9223372036854775807,0x5be34022c26fa03a8d6926314a42414c7ca2df51,0x7f63d978bb61348d9321e9e9a382a2f88679edb38c483385333d4dbb0760fea9,announced,gd_dbt/seeds/contract_deployments.csv#XDC/0x5be34022c26fa03a8d6926314a42414c7ca2df51/era=1,ProxyFactory,1,true
XDC,50,0x66fc1be551f752706130b6f54d84141f8c2ae8bb,95144743,95866130,0xa7f4717bf6e7d27d7c855d5f4a869e96bd16d873,0x9e231a1f32074c2535d1793d1a863dbe4ddb5438f6f6ef526fd87ab683dff181,announced,gd_dbt/seeds/contract_deployments.csv#XDC/0x66fc1be551f752706130b6f54d84141f8c2ae8bb/era=1,AdminWallet,1,false
XDC,50,0x66fc1be551f752706130b6f54d84141f8c2ae8bb,95866130,9223372036854775807,0x68dbe795ee2219437299bb23d70311e3b7c69f9a,0xb18bdf42222c3100c99f40bbb2fe56734e863977f1beebe0527148d2b44b70b5,slot_bisected,gd_dbt/seeds/contract_deployments.csv#XDC/0x66fc1be551f752706130b6f54d84141f8c2ae8bb/era=2,AdminWallet,2,true
XDC,50,0x6bd698566632bf2e81e2278f1656cb24aaf06d2e,95144756,100123036,0xb22bb27d920a4efdafaa03a51e8a4c41e4cc4217,0x5da156e5a7ff212885d03e8f52531c50f273d7b9410a07177379859562a5acc5,corroborated,gd_dbt/seeds/era_boundary_evidence.csv#XDC/0x6bd698566632bf2e81e2278f1656cb24aaf06d2e/era=1,Invites,1,false
XDC,50,0x6bd698566632bf2e81e2278f1656cb24aaf06d2e,100123036,9223372036854775807,0x783548481a6ca92b6589365161b31e3ed64d0c3c,0x9c0c0028170b3295f0555171e63b4150b56b7ec427b9f26eb0c21a8dd7662df5,corroborated,gd_dbt/seeds/era_boundary_evidence.csv#XDC/0x6bd698566632bf2e81e2278f1656cb24aaf06d2e/era=2,Invites,2,true
XDC,50,0x725244458f011551dde1104c9728746eebea19f9,93357551,9223372036854775807,0x725244458f011551dde1104c9728746eebea19f9,0x511ddd7509fe316b6a954e51453cbfa51e42e7ab82becf2360066ddf1b2084fb,announced,gd_dbt/seeds/contract_deployments.csv#XDC/0x725244458f011551dde1104c9728746eebea19f9/era=1,StaticOracle,1,true
XDC,50,0x7344da1be296f03fbb8082adac5696058b5a9bd9,95144750,95325786,0x9fc57c2aa7230ff041a39c64c67e3d38c3c6621a,0x3072e58a72b2536637e3827c180dc2763faaeb267035deec1436b343afedb4c6,announced,gd_dbt/seeds/contract_deployments.csv#XDC/0x7344da1be296f03fbb8082adac5696058b5a9bd9/era=1,Faucet,1,false
XDC,50,0x7344da1be296f03fbb8082adac5696058b5a9bd9,95325786,95327264,0xb6739a9dd61b0deff7cfb24cad220d70f948dbee,0x68755099f25764af194ff16c1f4a6fd14bdd4bd89a1c3f6832649a36508e6533,slot_bisected,gd_dbt/seeds/contract_deployments.csv#XDC/0x7344da1be296f03fbb8082adac5696058b5a9bd9/era=2,Faucet,2,false
XDC,50,0x7344da1be296f03fbb8082adac5696058b5a9bd9,95327264,9223372036854775807,0x1c3e0cfb6c316188789ad7f4c1e2fd56dd902214,0xe8429a22753ce3f82c856a7f5dee88264782d956d615db983d0cd5ec8e9fb325,slot_bisected,gd_dbt/seeds/contract_deployments.csv#XDC/0x7344da1be296f03fbb8082adac5696058b5a9bd9/era=3,Faucet,3,true
XDC,50,0x75a8be0c2deaded8fc9eceb5f01ad0b979b7ad03,95143598,9223372036854775807,0x75a8be0c2deaded8fc9eceb5f01ad0b979b7ad03,0x1cce4814ac502cec7e982e73d29bdc95e9094476ba971b6777f8abd4a415fc26,announced,gd_dbt/seeds/contract_deployments.csv#XDC/0x75a8be0c2deaded8fc9eceb5f01ad0b979b7ad03/era=1,Controller,1,true
XDC,50,0x8471406c3bff67cc6538481c8550364bda6ca691,98383258,9223372036854775807,0x8471406c3bff67cc6538481c8550364bda6ca691,0xdd44d5a52707f76ac1bb4147820056bd47ca2c90f79d82fdaeb19b7d180179b4,announced,gd_dbt/seeds/contract_deployments.csv#XDC/0x8471406c3bff67cc6538481c8550364bda6ca691/era=1,MentoProxyAdmin,1,true
XDC,50,0x88de45906d4f5a57315c133620cfa484cb297541,100091095,100340676,0xc22505d3a6ae087c0bd4715a56c38b7a029477b2,0x58558a86a3aced5b23ae279244bd285f68c9d6d0a20cf283b7a40a0784697831,announced,gd_dbt/seeds/contract_deployments.csv#XDC/0x88de45906d4f5a57315c133620cfa484cb297541/era=1,MentoBroker,1,false
XDC,50,0x88de45906d4f5a57315c133620cfa484cb297541,100340676,9223372036854775807,0xc69ae3550e25c7ab28301b9bf75f20f5af47b7d2,0x2e63673ca3232bd818d12804ade7e1d688b7c11da7812d0237a3564e99cd0fb7,announced,gd_dbt/seeds/contract_deployments.csv#XDC/0x88de45906d4f5a57315c133620cfa484cb297541/era=2,MentoBroker,2,true
XDC,50,0x94a3240f484a04f5e3d524f528d02694c109463b,100091095,100340676,0xf036896e9441ecaeb1b6d2fc1b982021eed2b439,0xe5750e9acc0322eae552526478b90a1a762ea401bf9094ff36daa6d0e4669020,announced,gd_dbt/seeds/contract_deployments.csv#XDC/0x94a3240f484a04f5e3d524f528d02694c109463b/era=1,MentoReserve,1,false
XDC,50,0x94a3240f484a04f5e3d524f528d02694c109463b,100340676,9223372036854775807,0xbdaa65e8175875340365d76a660bb2a7a4efe909,0xe5750e9acc0322eae552526478b90a1a762ea401bf9094ff36daa6d0e4669020,slot_bisected,gd_dbt/seeds/contract_deployments.csv#XDC/0x94a3240f484a04f5e3d524f528d02694c109463b/era=2,MentoReserve,2,true
XDC,50,0x951857744785e80e2de051c32ee7b25f9c458c42,42776215,9223372036854775807,0x951857744785e80e2de051c32ee7b25f9c458c42,0x4e0fcac36e857c9408b310cc1b8dfe2c3e8aff8c199ea1df31c4ebdaccdcc57e,announced,gd_dbt/seeds/contract_deployments.csv#XDC/0x951857744785e80e2de051c32ee7b25f9c458c42/era=1,WXDC,1,true
XDC,50,0xa3247276dbcc76dd7705273f766eb3e8a5ecf4a5,95254417,95254421,0x0000000000000000000000000000000000000000,impl:0x0000000000000000000000000000000000000000,announced,gd_dbt/seeds/contract_deployments.csv#XDC/0xa3247276dbcc76dd7705273f766eb3e8a5ecf4a5/era=1,MpbBridge,1,false
XDC,50,0xa3247276dbcc76dd7705273f766eb3e8a5ecf4a5,95254421,96841591,0xa7bfc0d36300b5978cfa18301446cad3e855ae06,0x039a036cd2a30cc1536d5b5a368c77e7bd870ae3d59c0b699dd5b51439b17838,slot_bisected,gd_dbt/seeds/contract_deployments.csv#XDC/0xa3247276dbcc76dd7705273f766eb3e8a5ecf4a5/era=2,MpbBridge,2,false
XDC,50,0xa3247276dbcc76dd7705273f766eb3e8a5ecf4a5,96841591,100340676,0xe4cfa18a3d0a7d77faa42961ee943c9221d61937,0xa5b7233c025a48d44655a945ead941546d2a69fad9cc2dec4c1a1ef033498a08,slot_bisected,gd_dbt/seeds/contract_deployments.csv#XDC/0xa3247276dbcc76dd7705273f766eb3e8a5ecf4a5/era=3,MpbBridge,3,false
XDC,50,0xa3247276dbcc76dd7705273f766eb3e8a5ecf4a5,100340676,9223372036854775807,0x00f7f61080ef40d3832c8c06e8a2af757839e1f7,0xbacb5fa708349d8fba6d008557d8ed01abb888eb445b8d4bd1b2cceaef833d62,slot_bisected,gd_dbt/seeds/contract_deployments.csv#XDC/0xa3247276dbcc76dd7705273f766eb3e8a5ecf4a5/era=4,MpbBridge,4,true
XDC,50,0xaa52bb8110fe38d0d2d2af0b85c3a3ee622ca455,87230719,9223372036854775807,0xaa52bb8110fe38d0d2d2af0b85c3a3ee622ca455,0x5a20e5e77f75c2bc855c4e93352437bfc53301ea95935350f2f4799e898ddd48,announced,gd_dbt/seeds/contract_deployments.csv#XDC/0xaa52bb8110fe38d0d2d2af0b85c3a3ee622ca455/era=1,UniswapV3RouterOfficial,1,true
XDC,50,0xb8a0d4b97327a0b6dd0705dc290ae26aa38a7d2b,100111925,9223372036854775807,0x971fdacd201cdaa741db06d580eb634b02307926,0x409c0dc6ff42f770c99147d26af9e12a6f90e807bf198937bfe5a59f0179116c,announced,gd_dbt/seeds/contract_deployments.csv#XDC/0xb8a0d4b97327a0b6dd0705dc290ae26aa38a7d2b/era=1,DistributionHelper,1,true
XDC,50,0xe0c5daa7cc6f88d29505f702a53bb5e67600e7ec,95134102,9223372036854775807,0xe0c5daa7cc6f88d29505f702a53bb5e67600e7ec,0xb89c1b3bdf2cf8827818646bce9a8f6e372885f8c55e5c07acbd307cb133b000,announced,gd_dbt/seeds/contract_deployments.csv#XDC/0xe0c5daa7cc6f88d29505f702a53bb5e67600e7ec/era=1,GuardiansSafe,1,true
XDC,50,0xe8861a20452db53df685f1d9e6b7017de3db0e46,97033779,9223372036854775807,0xe8861a20452db53df685f1d9e6b7017de3db0e46,0x554fc53842f02a76351be11bad71cbd6ff31cbd4a8b4c0513f068e12527fb720,announced,gd_dbt/seeds/contract_deployments.csv#XDC/0xe8861a20452db53df685f1d9e6b7017de3db0e46/era=1,BulkWhitelist,1,true
XDC,50,0xec2136843a983885aebf2feb3931f73a8ebee50c,95143070,95143245,0x0000000000000000000000000000000000000000,impl:0x0000000000000000000000000000000000000000,announced,gd_dbt/seeds/contract_deployments.csv#XDC/0xec2136843a983885aebf2feb3931f73a8ebee50c/era=1,GoodDollar,1,false
XDC,50,0xec2136843a983885aebf2feb3931f73a8ebee50c,95143245,107529281,0x6936441113610483cc5b6a7adec4b45303b297a9,0xf1ef96de94aefc5848537637a56767402734cf35f4763e1f4e326c3e56ee457a,slot_bisected,gd_dbt/seeds/contract_deployments.csv#XDC/0xec2136843a983885aebf2feb3931f73a8ebee50c/era=2,GoodDollar,2,false
XDC,50,0xec2136843a983885aebf2feb3931f73a8ebee50c,107529281,9223372036854775807,0x1db2f592014a9394604bf6381f025754579547ec,0x2157adffb2622cfac69e299e2de636551391eddba892b5dd0c1b9f6469bb38f5,slot_bisected,gd_dbt/seeds/contract_deployments.csv#XDC/0xec2136843a983885aebf2feb3931f73a8ebee50c/era=3,GoodDollar,3,true
XDC,50,0xf4e9af892a09f04b7408266777198206e7f80d46,95143060,9223372036854775807,0xf4e9af892a09f04b7408266777198206e7f80d46,0xb10599b90c45878333139dfa098974b8df30eba5596654ef05c46daa2a6f0847,announced,gd_dbt/seeds/contract_deployments.csv#XDC/0xf4e9af892a09f04b7408266777198206e7f80d46/era=1,FeeFormula,1,true
XDC,50,0xfa2958cb79b0491cc627c1557f441ef849ca8eb1,92678020,9223372036854775807,0x9ddb959f04b7075aaccd28e2e5c5c113469c534b,0x231f4b29fe5be8f3ae57a88ce9c67fed31128c6588cd35e4da397f04f6cbc1c3,announced,gd_dbt/seeds/contract_deployments.csv#XDC/0xfa2958cb79b0491cc627c1557f441ef849ca8eb1/era=1,CUSD,1,true
CELO,42220,0x00851a91a3c4e9a4c1b48df827bacc1f884bde28,20262304,9223372036854775807,0x00851a91a3c4e9a4c1b48df827bacc1f884bde28,0x86143ea0f1beb35753eec610670dc4ca6a7dc9924fba2f76851456201041c5e5,announced,gd_dbt/seeds/contract_deployments.csv#CELO/0x00851a91a3c4e9a4c1b48df827bacc1f884bde28/era=1,StaticOracle,1,true
CELO,42220,0x00e533b7d6255d05b7f15034b1c989c21f51b91c,21006324,9223372036854775807,0x00e533b7d6255d05b7f15034b1c989c21f51b91c,0x047ee7c00427bb66d4412b5748c158d3a8e3330166dd6e5a849ec2e4d9fc728c,announced,gd_dbt/seeds/contract_deployments.csv#CELO/0x00e533b7d6255d05b7f15034b1c989c21f51b91c/era=1,BuyGDFactory,1,true
CELO,42220,0x07f86b39728be613062bc7413fc2ca7293eef022,17714580,9223372036854775807,0x07f86b39728be613062bc7413fc2ca7293eef022,0xe0ce44f796f8c819bdba6334eb56f0ab6be2936af74486a2c2ccae17e0d17b1f,announced,gd_dbt/seeds/contract_deployments.csv#CELO/0x07f86b39728be613062bc7413fc2ca7293eef022/era=1,PoolGdMcusdV2,1,true
CELO,42220,0x0be7c592374ee0bd0ccbfc76be758a138bcaec6e,17237959,9223372036854775807,0x0be7c592374ee0bd0ccbfc76be758a138bcaec6e,0x1cce4814ac502cec7e982e73d29bdc95e9094476ba971b6777f8abd4a415fc26,announced,gd_dbt/seeds/contract_deployments.csv#CELO/0x0be7c592374ee0bd0ccbfc76be758a138bcaec6e/era=1,Controller,1,true
CELO,42220,0x0dbb0769b00d01d241ba4f7b2891fb5c2a975d51,21818995,9223372036854775807,0x0dbb0769b00d01d241ba4f7b2891fb5c2a975d51,0x81108761c6a03889b76abe78e2a059fa23bcdd3a028668984e17f95a5651e2f1,announced,gd_dbt/seeds/contract_deployments.csv#CELO/0x0dbb0769b00d01d241ba4f7b2891fb5c2a975d51/era=1,PoolGdUsdgloV3Hi2,1,true
CELO,42220,0x0f5db7a64a6a64052693676ca898ec7f7a94ff4e,17237962,9223372036854775807,0xed9c5987e7109bb43a8a1a40a726b275e4eb4ace,0x0b90907ca330b6cb3ee57cdba11984e10cd8e5e5f004a3284c246ff6ea90ceab,announced,gd_dbt/seeds/contract_deployments.csv#CELO/0x0f5db7a64a6a64052693676ca898ec7f7a94ff4e/era=1,NameService,1,true
CELO,42220,0x1151867da39003695eed28fafa871079c91884c9,17237953,9223372036854775807,0x1151867da39003695eed28fafa871079c91884c9,0xb10599b90c45878333139dfa098974b8df30eba5596654ef05c46daa2a6f0847,announced,gd_dbt/seeds/contract_deployments.csv#CELO/0x1151867da39003695eed28fafa871079c91884c9/era=1,FeeFormula,1,true
CELO,42220,0x1f3d49414e4b7b32a5e23fbca71778df760d97a3,61141715,9223372036854775807,0x1f3d49414e4b7b32a5e23fbca71778df760d97a3,0x83c1d603e8c3ed0dbd3a813582014dc03b823fa18aa71c5fa7786f5640837fff,inferred,gd_dbt/seeds/contract_deployments.csv#CELO/0x1f3d49414e4b7b32a5e23fbca71778df760d97a3/era=1,UpdateReserveRatio,1,true
CELO,42220,0x1f60c4c7037c6766924a43666b781ed1479587a2,22909812,9223372036854775807,0x1f60c4c7037c6766924a43666b781ed1479587a2,0xb0deea380b10aaab11e12102a20b31fa11fd7ddfbed72761ad30cd6933e143b9,announced,gd_dbt/seeds/contract_deployments.csv#CELO/0x1f60c4c7037c6766924a43666b781ed1479587a2/era=1,BuyGDFactoryV2,1,true
CELO,42220,0x25878951ae130014e827e6f54fd3b4cca057a7e8,17713819,9223372036854775807,0x25878951ae130014e827e6f54fd3b4cca057a7e8,0xe0ce44f796f8c819bdba6334eb56f0ab6be2936af74486a2c2ccae17e0d17b1f,announced,gd_dbt/seeds/contract_deployments.csv#CELO/0x25878951ae130014e827e6f54fd3b4cca057a7e8/era=1,PoolGdCeloV2,1,true
CELO,42220,0x26747fe93fac8bf28e1e24a558a2bc7e4d9846ca,16393503,18349124,0x7dc6b57adae1aaa94e01a3049cd42b8adce5090c,0x7423f597fdcfb7c349e024be728df2d0c05e3337e615808c64b8c0994ff66a5c,announced,gd_dbt/seeds/contract_deployments.csv#CELO/0x26747fe93fac8bf28e1e24a558a2bc7e4d9846ca/era=1,SuperfluidIDAv1,1,false
CELO,42220,0x26747fe93fac8bf28e1e24a558a2bc7e4d9846ca,18349124,19952321,0xd399e2fb5f4cf3722a11f65b88fab6b2b8621005,0x131499da5b515b0f696d9e320b87b3258838287f30bcde867d1648ba1bd83471,slot_bisected,gd_dbt/seeds/contract_deployments.csv#CELO/0x26747fe93fac8bf28e1e24a558a2bc7e4d9846ca/era=2,SuperfluidIDAv1,2,false
CELO,42220,0x26747fe93fac8bf28e1e24a558a2bc7e4d9846ca,19952321,20091409,0x507c3a7c6ccc253884a2e3a3ee2a211cc7e796a6,0x0103da8886a08479c1249b11691d702669168e2f64f65595db70270ee66859f0,slot_bisected,gd_dbt/seeds/contract_deployments.csv#CELO/0x26747fe93fac8bf28e1e24a558a2bc7e4d9846ca/era=3,SuperfluidIDAv1,3,false
CELO,42220,0x26747fe93fac8bf28e1e24a558a2bc7e4d9846ca,20091409,21146434,0x2622bfc83f429bf313341857850a1dde09685855,0x005ec5ffe135e03f2feacd794c02fe50aabc4dd3c572eb0dcc023023bb2a215f,slot_bisected,gd_dbt/seeds/contract_deployments.csv#CELO/0x26747fe93fac8bf28e1e24a558a2bc7e4d9846ca/era=4,SuperfluidIDAv1,4,false
CELO,42220,0x26747fe93fac8bf28e1e24a558a2bc7e4d9846ca,21146434,23701580,0xd48317ccdac2ca3fd5e3c58c32da3a7c517937b6,0x0799b7eb67f8bf5f1db451db0b501b02796bedddfe80efa2a991ff28f1a4df4c,slot_bisected,gd_dbt/seeds/contract_deployments.csv#CELO/0x26747fe93fac8bf28e1e24a558a2bc7e4d9846ca/era=5,SuperfluidIDAv1,5,false
CELO,42220,0x26747fe93fac8bf28e1e24a558a2bc7e4d9846ca,23701580,24738429,0xfb2b126660be2fdeba254b1f6e4348644e8482e7,0xfafd5fc7ae369d3fce5cc48edaa0de12d57761ce316328b0228d358d69b9ee65,slot_bisected,gd_dbt/seeds/contract_deployments.csv#CELO/0x26747fe93fac8bf28e1e24a558a2bc7e4d9846ca/era=6,SuperfluidIDAv1,6,false
CELO,42220,0x26747fe93fac8bf28e1e24a558a2bc7e4d9846ca,24738429,26706819,0x2e4861b1f56a67473b7bf0dd1ef85e9e9fa5ad75,0x3f185f2c62fd18472510fbb526fc17a7bf9b0da44f028195dacb1f1ad6b85e2c,slot_bisected,gd_dbt/seeds/contract_deployments.csv#CELO/0x26747fe93fac8bf28e1e24a558a2bc7e4d9846ca/era=7,SuperfluidIDAv1,7,false
CELO,42220,0x26747fe93fac8bf28e1e24a558a2bc7e4d9846ca,26706819,28853698,0x0de6448cc883168076f7b10449bc7024d42f7910,0xd1000660be8820603092f51c3c5435be3cc133c9f7a2e47a745fd159d4d45bc4,slot_bisected,gd_dbt/seeds/contract_deployments.csv#CELO/0x26747fe93fac8bf28e1e24a558a2bc7e4d9846ca/era=8,SuperfluidIDAv1,8,false
CELO,42220,0x26747fe93fac8bf28e1e24a558a2bc7e4d9846ca,28853698,29627986,0x466be9ef50dec3c22eaa4f070e9c9ceaaccd1e75,0xb86b086999fdf33a2056b5fb2d92686006ff58f9d59216ad9ceea32e456af822,slot_bisected,gd_dbt/seeds/contract_deployments.csv#CELO/0x26747fe93fac8bf28e1e24a558a2bc7e4d9846ca/era=9,SuperfluidIDAv1,9,false
CELO,42220,0x26747fe93fac8bf28e1e24a558a2bc7e4d9846ca,29627986,33928238,0xb84c98d9b51d0e32114c60c500e17ea79dfd0daf,0x5144e6bd0aff5ec0dc215c75db7a2e5a6ea9539e21f10ac47bce49108c1f1798,slot_bisected,gd_dbt/seeds/contract_deployments.csv#CELO/0x26747fe93fac8bf28e1e24a558a2bc7e4d9846ca/era=10,SuperfluidIDAv1,10,false
CELO,42220,0x26747fe93fac8bf28e1e24a558a2bc7e4d9846ca,33928238,39643668,0xd59ba9a84fa02e3687bb0694e459b3c1d76586f9,0x4c0dce8901dea2158d8f1edcc42bc70261cce1f74e58f4f0ef5ca644a44427b6,slot_bisected,gd_dbt/seeds/contract_deployments.csv#CELO/0x26747fe93fac8bf28e1e24a558a2bc7e4d9846ca/era=11,SuperfluidIDAv1,11,false
CELO,42220,0x26747fe93fac8bf28e1e24a558a2bc7e4d9846ca,39643668,52777129,0xf0ec6a8842ca72aec8a4d4573e731242389e18a8,0x3b0de12889b24499a458af0c481b84c9a572276f46a6faf92f7a5e9de2107226,slot_bisected,gd_dbt/seeds/contract_deployments.csv#CELO/0x26747fe93fac8bf28e1e24a558a2bc7e4d9846ca/era=12,SuperfluidIDAv1,12,false
CELO,42220,0x26747fe93fac8bf28e1e24a558a2bc7e4d9846ca,52777129,61309260,0x1d38a1f81216b73c05a10eac5e84f566d4d9d8da,0xfb7ddd181f516de9d0f9448a3aa6faab8aaba0d4296d4df8793f1f09a9fb9d8f,slot_bisected,gd_dbt/seeds/contract_deployments.csv#CELO/0x26747fe93fac8bf28e1e24a558a2bc7e4d9846ca/era=13,SuperfluidIDAv1,13,false
CELO,42220,0x26747fe93fac8bf28e1e24a558a2bc7e4d9846ca,61309260,9223372036854775807,0x295cef78e76564b124b948a05dbd6522c3ec76b1,0x062b6f052bfc1eeb46d77828aecf61f2c118d08d8dbdd4bd6672e42f1fed0fbb,slot_bisected,gd_dbt/seeds/contract_deployments.csv#CELO/0x26747fe93fac8bf28e1e24a558a2bc7e4d9846ca/era=14,SuperfluidIDAv1,14,true
CELO,42220,0x288dc841a52fca2707c6947b3a777c5e56cd87bc,43985163,9223372036854775807,0x288dc841a52fca2707c6947b3a777c5e56cd87bc,0x3ed9587168a0fe70acc18971f52cba06f18bcd4b4b5ba2f0590b8c17b1c0cdca,announced,gd_dbt/seeds/contract_deployments.csv#CELO/0x288dc841a52fca2707c6947b3a777c5e56cd87bc/era=1,UniswapV4PoolManager,1,true
CELO,42220,0x2ffbb49055d487ddbbb0c052cd7c2a02a7971e41,31415857,61416834,0xd9ce916d711977d5b27697a13964556b4fb8af1d,0x65d8c817bac8f41eb34548c15ad6ae5e744da2bd5373916df3b8e63f1fecd916,announced,gd_dbt/seeds/contract_deployments.csv#CELO/0x2ffbb49055d487ddbbb0c052cd7c2a02a7971e41/era=1,MentoExchangeProvider,1,false
CELO,42220,0x2ffbb49055d487ddbbb0c052cd7c2a02a7971e41,61416834,9223372036854775807,0xe930cde20f60d0a4fc9487874861ae259f5bed48,0x5ed71ccf7c4789f438827e074bc8bba84c7fc2c615495b12a2f9c51398a8b0d5,slot_bisected,gd_dbt/seeds/contract_deployments.csv#CELO/0x2ffbb49055d487ddbbb0c052cd7c2a02a7971e41/era=2,MentoExchangeProvider,2,true
CELO,42220,0x308b7405272d11494716e30c6e972dbf6fb89555,23675300,23701580,0x7ffce315b2014546ba461d54eded7aac70df4f53,0xb786d4ce6758e6e6e6c95c8f4dd32c3f605575b77a97d676cc77e0a357557ae6,announced,gd_dbt/seeds/contract_deployments.csv#CELO/0x308b7405272d11494716e30c6e972dbf6fb89555/era=1,SuperfluidGDAv1,1,false
CELO,42220,0x308b7405272d11494716e30c6e972dbf6fb89555,23701580,24738429,0x554a8acef6c689a74b25b1c41f58fa2e678162b5,0x339ef1ccdc96ea6e5f945d0869f69e68d704e5aee4a3f0fb47e920233f2e58e2,slot_bisected,gd_dbt/seeds/contract_deployments.csv#CELO/0x308b7405272d11494716e30c6e972dbf6fb89555/era=2,SuperfluidGDAv1,2,false
CELO,42220,0x308b7405272d11494716e30c6e972dbf6fb89555,24738429,26706819,0xc70ce47df817f25bfbb4fb66fd42326ad306f27d,0x2f10ed30f32aac01825d800417aa9a035350611a8846ab187ad2f5683030b04b,slot_bisected,gd_dbt/seeds/contract_deployments.csv#CELO/0x308b7405272d11494716e30c6e972dbf6fb89555/era=3,SuperfluidGDAv1,3,false
CELO,42220,0x308b7405272d11494716e30c6e972dbf6fb89555,26706819,27058151,0xab1286ab62d0dffd994f4b2d72b24eaa9e295562,0x467730c607a2af26278920b99602bba2ae00fa99735aa8b92b7c31d4aeb1e01d,slot_bisected,gd_dbt/seeds/contract_deployments.csv#CELO/0x308b7405272d11494716e30c6e972dbf6fb89555/era=4,SuperfluidGDAv1,4,false
CELO,42220,0x308b7405272d11494716e30c6e972dbf6fb89555,27058151,27279493,0xe72830e7ebbff8ce0866059de83cacd4263acd08,0x78428255afad1008379da37854d51a8c6be3020f156dcc65a2f150180332cb71,slot_bisected,gd_dbt/seeds/contract_deployments.csv#CELO/0x308b7405272d11494716e30c6e972dbf6fb89555/era=5,SuperfluidGDAv1,5,false
CELO,42220,0x308b7405272d11494716e30c6e972dbf6fb89555,27279493,28853698,0xb75bd19c682e62e6a0c35399bb3a2538fcc9cef6,0x51a1f5d9659cf4db2e53be47120a0b772ad7156ff8cb7e2383659deeb66e9deb,slot_bisected,gd_dbt/seeds/contract_deployments.csv#CELO/0x308b7405272d11494716e30c6e972dbf6fb89555/era=6,SuperfluidGDAv1,6,false
CELO,42220,0x308b7405272d11494716e30c6e972dbf6fb89555,28853698,29627986,0x6fc99f5591b51583ba15a8c2572408257a1d2797,0x4f906e557ab9ee6a7b78ddfc34f24a3ac478263d6a6ee139c0a45c028dd762a4,announced,gd_dbt/seeds/contract_deployments.csv#CELO/0x308b7405272d11494716e30c6e972dbf6fb89555/era=7,SuperfluidGDAv1,7,false
CELO,42220,0x308b7405272d11494716e30c6e972dbf6fb89555,29627986,33928238,0xa0844efaf9a6803e9fa379ee59d44d3ef581ea3f,0x3a8c483a4085356d3be9ba5fa9861d796479f2b012f1e6a6b4d59f1c20741303,slot_bisected,gd_dbt/seeds/contract_deployments.csv#CELO/0x308b7405272d11494716e30c6e972dbf6fb89555/era=8,SuperfluidGDAv1,8,false
CELO,42220,0x308b7405272d11494716e30c6e972dbf6fb89555,33928238,39643668,0xc8f6f1720e6266445b3b53b9b9870b25ade5154e,0x6d6bcbc09347c139ac7030309ad6974266386ded295636658d837996e388cb56,slot_bisected,gd_dbt/seeds/contract_deployments.csv#CELO/0x308b7405272d11494716e30c6e972dbf6fb89555/era=9,SuperfluidGDAv1,9,false
CELO,42220,0x308b7405272d11494716e30c6e972dbf6fb89555,39643668,44995009,0x96c3c2d23d143301cf363a02cb7fe3596d2834d7,0x2327ceb8850a68dabe52cebd96a38eb4f32cdec27395a3b52877751c3c2468d8,slot_bisected,gd_dbt/seeds/contract_deployments.csv#CELO/0x308b7405272d11494716e30c6e972dbf6fb89555/era=10,SuperfluidGDAv1,10,false
CELO,42220,0x308b7405272d11494716e30c6e972dbf6fb89555,44995009,52777129,0x4c78cad0cc7152fa8f64ce5298a2d5216c7e4d81,0xead9a7e206538e62c0f6e4dd33621dc98ba53e3352e3214034d618bc44478abe,slot_bisected,gd_dbt/seeds/contract_deployments.csv#CELO/0x308b7405272d11494716e30c6e972dbf6fb89555/era=11,SuperfluidGDAv1,11,false
CELO,42220,0x308b7405272d11494716e30c6e972dbf6fb89555,52777129,61309260,0xa347bdc5965323f92ccd950a8b7012c0e438e178,0x5a8b677cd86a18a93c7ae21271fd141fa249950147262c7da8088b683e28d3a0,slot_bisected,gd_dbt/seeds/contract_deployments.csv#CELO/0x308b7405272d11494716e30c6e972dbf6fb89555/era=12,SuperfluidGDAv1,12,false
CELO,42220,0x308b7405272d11494716e30c6e972dbf6fb89555,61309260,74797088,0x20dd21b94b88cbeee338c7ffd6124f716c0b54b2,0xabe37902c5582ed6ca1fa60c4c6e6956d4abaa1c701b43c219536457fa63c893,slot_bisected,gd_dbt/seeds/contract_deployments.csv#CELO/0x308b7405272d11494716e30c6e972dbf6fb89555/era=13,SuperfluidGDAv1,13,false
CELO,42220,0x308b7405272d11494716e30c6e972dbf6fb89555,74797088,9223372036854775807,0x0fcddf2d5023219145e902cb3b0c44159ab59d61,0x1638d7614afb64812742f4e5df6511885567ff68515e7e74a16416107afa670e,slot_bisected,gd_dbt/seeds/contract_deployments.csv#CELO/0x308b7405272d11494716e30c6e972dbf6fb89555/era=14,SuperfluidGDAv1,14,true
CELO,42220,0x30afd0534daa29135308d048103b40dc1ba4518d,26952390,9223372036854775807,0x30afd0534daa29135308d048103b40dc1ba4518d,0x60344a20cbd88bedbfd88cec885b62ad50c025de6de11abf30abf652d86ebbc4,announced,gd_dbt/seeds/contract_deployments.csv#CELO/0x30afd0534daa29135308d048103b40dc1ba4518d/era=1,BulkWhitelist,1,true
CELO,42220,0x36829d1cda92fff5782d5d48991620664fc857d3,18003063,18795892,0xdbc8860618482f703a4047340b8639b1452f96ec,0xe65975cf95e2a884b17fff033799e3ea2f0a852c8b8ea018906dd136b66e639e,announced,gd_dbt/seeds/era_boundary_evidence.csv#CELO/0x36829d1cda92fff5782d5d48991620664fc857d3/era=1,Invites,1,false
CELO,42220,0x36829d1cda92fff5782d5d48991620664fc857d3,18795892,20211506,0x61760d949357066ae29c469b70a91934273e4ef3,0xb9b02551b4d049d0c13cfca61238ea61363f54e1d129dbbad9ed95646aca23cc,announced,gd_dbt/seeds/era_boundary_evidence.csv#CELO/0x36829d1cda92fff5782d5d48991620664fc857d3/era=2,Invites,2,false
CELO,42220,0x36829d1cda92fff5782d5d48991620664fc857d3,20211506,20645578,0x142e6d0afdd09c8629970b5fb0cf9798a3d21f89,0xe469498ecb04290fffe5eab6e1f064e4974fea90b4a6f63e1c7d14106793c001,announced,gd_dbt/seeds/era_boundary_evidence.csv#CELO/0x36829d1cda92fff5782d5d48991620664fc857d3/era=3,Invites,3,false
CELO,42220,0x36829d1cda92fff5782d5d48991620664fc857d3,20645578,24428495,0x80fbdcf20af77d7dcb21d7104faddbc5d8bd83eb,0xb104188d6bf90a6f72c1278594cf06f53ea827a7fe85d91e1dc4167706903edd,announced,gd_dbt/seeds/era_boundary_evidence.csv#CELO/0x36829d1cda92fff5782d5d48991620664fc857d3/era=4,Invites,4,false
CELO,42220,0x36829d1cda92fff5782d5d48991620664fc857d3,24428495,24518263,0xd2e26679b4d21cb501ebbc99744c29ed061a6b8c,0x2009538d39810ef0f0f43438fa262223bcb744fd3e722af01c898afadb3e15a6,announced,gd_dbt/seeds/era_boundary_evidence.csv#CELO/0x36829d1cda92fff5782d5d48991620664fc857d3/era=5,Invites,5,false
CELO,42220,0x36829d1cda92fff5782d5d48991620664fc857d3,24518263,24600260,0x87c222b6212b8352c48b7047e5c97c8797535a09,0x1b8340f46186440723c9966efc1401b06da022e2ea896256168da6be8f783f84,announced,gd_dbt/seeds/era_boundary_evidence.csv#CELO/0x36829d1cda92fff5782d5d48991620664fc857d3/era=6,Invites,6,false
CELO,42220,0x36829d1cda92fff5782d5d48991620664fc857d3,24600260,61165821,0xf2196f8c2ba0674a8b00369cd65fab3f54b080a0,0x02225e275e9e2e265175be1ac585904205a1a49612c41c23b6a15238c05bdf0d,announced,gd_dbt/seeds/era_boundary_evidence.csv#CELO/0x36829d1cda92fff5782d5d48991620664fc857d3/era=7,Invites,7,false
CELO,42220,0x36829d1cda92fff5782d5d48991620664fc857d3,61165821,9223372036854775807,0x4072cb2d7e95def1559f6f72491039fe0534fa37,0xea995ee585fba0d4d31a119bcc206c76b7af8a7155b7c2ee1ca071e111b77ed5,slot_bisected,gd_dbt/seeds/era_boundary_evidence.csv#CELO/0x36829d1cda92fff5782d5d48991620664fc857d3/era=8,Invites,8,true
CELO,42220,0x3d9e27c04076288ebfdc4815b4f6d81b0ed1b341,31680016,9223372036854775807,0x3d9e27c04076288ebfdc4815b4f6d81b0ed1b341,0xced8cb884f76be736e2ac90f1bcc4eaadac233235a7da8dd813d9adbfeffbcce,announced,gd_dbt/seeds/contract_deployments.csv#CELO/0x3d9e27c04076288ebfdc4815b4f6d81b0ed1b341/era=1,PoolGdUsdgloV3Hi,1,true
CELO,42220,0x437c699887779d0a95ad6349cfde7dfa716c005d,18862438,9223372036854775807,0x437c699887779d0a95ad6349cfde7dfa716c005d,0xb89c1b3bdf2cf8827818646bce9a8f6e372885f8c55e5c07acbd307cb133b000,announced,gd_dbt/seeds/contract_deployments.csv#CELO/0x437c699887779d0a95ad6349cfde7dfa716c005d/era=1,CommunitySafe,1,true
CELO,42220,0x43d72ff17701b2da814620735c39c620ce0ea4a1,18006679,19276072,0xedbe438cd865992fdb72dd252e6055a71b02be72,0x0e581bfc2fe31489ffb4c73916e5eb871089492aab7d977d80cd563d3011e236,announced,gd_dbt/seeds/era_boundary_evidence.csv#CELO/0x43d72ff17701b2da814620735c39c620ce0ea4a1/era=1,UBIScheme,1,false
CELO,42220,0x43d72ff17701b2da814620735c39c620ce0ea4a1,19276072,23063176,0x854f84ef0d9abc1e0afb4e96c962d5456b62214e,0xa218cc030a5bf302bd79f7c0814e7d03ba74606098b00733d9751be6af84dbb8,announced,gd_dbt/seeds/era_boundary_evidence.csv#CELO/0x43d72ff17701b2da814620735c39c620ce0ea4a1/era=2,UBIScheme,2,false
CELO,42220,0x43d72ff17701b2da814620735c39c620ce0ea4a1,23063176,50351048,0xe8fcbac4bd18f80301450e428518e9dedc183a26,0x3588b09013666a632da7bb2559251b2efb62086be858ddaf9a604eb4340542c4,announced,gd_dbt/seeds/era_boundary_evidence.csv#CELO/0x43d72ff17701b2da814620735c39c620ce0ea4a1/era=3,UBIScheme,3,false
CELO,42220,0x43d72ff17701b2da814620735c39c620ce0ea4a1,50351048,9223372036854775807,0x43f0eb66ea3c2d9552241525aa1af6607227dfbf,0xdb2d70994b744a419372a0526da1e3bbe069a59e7569a9f3c0965d85d1b60ecd,slot_bisected,gd_dbt/seeds/era_boundary_evidence.csv#CELO/0x43d72ff17701b2da814620735c39c620ce0ea4a1/era=4,UBIScheme,4,true
CELO,42220,0x495d133b938596c9984d462f007b676bdc57ecec,17237959,9223372036854775807,0x495d133b938596c9984d462f007b676bdc57ecec,0x8a27316984da83331e574723efd0810faf4d7065f3037b8778d9c572ea49c6d8,announced,gd_dbt/seeds/contract_deployments.csv#CELO/0x495d133b938596c9984d462f007b676bdc57ecec/era=1,Avatar,1,true
CELO,42220,0x4f93fa058b03953c851efaa2e4fc5c34afdfab84,18003061,18481054,0x9fc57c2aa7230ff041a39c64c67e3d38c3c6621a,0x60adef4e58f448da1c484b8f64b875688ea6b17e6cf34531bc9530985d05be5e,announced,gd_dbt/seeds/contract_deployments.csv#CELO/0x4f93fa058b03953c851efaa2e4fc5c34afdfab84/era=1,Faucet,1,false
CELO,42220,0x4f93fa058b03953c851efaa2e4fc5c34afdfab84,18481054,18866025,0x91b6eed85458239f281f5ad46c8defd60ddef8b2,0xbdc69d3696a4a6de3cdd277f5b71e67bad0f19f0a433f3e6a4d4235257c28f7c,slot_bisected,gd_dbt/seeds/contract_deployments.csv#CELO/0x4f93fa058b03953c851efaa2e4fc5c34afdfab84/era=2,Faucet,2,false
CELO,42220,0x4f93fa058b03953c851efaa2e4fc5c34afdfab84,18866025,20299862,0xac92cea7b8936e769b00117e7428f7499c93f9db,0x1e06dc2d8337ea3aaa409d7742b21d35a686da7e31b7211ecd338bfea40aac9d,slot_bisected,gd_dbt/seeds/contract_deployments.csv#CELO/0x4f93fa058b03953c851efaa2e4fc5c34afdfab84/era=3,Faucet,3,false
CELO,42220,0x4f93fa058b03953c851efaa2e4fc5c34afdfab84,20299862,39388555,0x0cb76de990330b36b72c9b604a71d24eaa45ebf4,0xa342d94b354aa61ba8221b004ade990d040fb7de31385ca82ff9b0a65c649286,slot_bisected,gd_dbt/seeds/contract_deployments.csv#CELO/0x4f93fa058b03953c851efaa2e4fc5c34afdfab84/era=4,Faucet,4,false
CELO,42220,0x4f93fa058b03953c851efaa2e4fc5c34afdfab84,39388555,40258358,0x783548481a6ca92b6589365161b31e3ed64d0c3c,0xebabf487538a31aba764a34ab1ed1570d6795310a94f6d3d4309abc5b2f975dc,slot_bisected,gd_dbt/seeds/contract_deployments.csv#CELO/0x4f93fa058b03953c851efaa2e4fc5c34afdfab84/era=5,Faucet,5,false
CELO,42220,0x4f93fa058b03953c851efaa2e4fc5c34afdfab84,40258358,49737165,0xf224d5166fb194d8404a4a2d1d9fbb41866625ad,0xe5aa4f18fa67a7c1ac33d6277d9216f7adbec3f5cf027a50534f7ab929fadbdf,slot_bisected,gd_dbt/seeds/contract_deployments.csv#CELO/0x4f93fa058b03953c851efaa2e4fc5c34afdfab84/era=6,Faucet,6,false
CELO,42220,0x4f93fa058b03953c851efaa2e4fc5c34afdfab84,49737165,49740289,0xb6739a9dd61b0deff7cfb24cad220d70f948dbee,0x68755099f25764af194ff16c1f4a6fd14bdd4bd89a1c3f6832649a36508e6533,slot_bisected,gd_dbt/seeds/contract_deployments.csv#CELO/0x4f93fa058b03953c851efaa2e4fc5c34afdfab84/era=7,Faucet,7,false
CELO,42220,0x4f93fa058b03953c851efaa2e4fc5c34afdfab84,49740289,59605758,0x1c3e0cfb6c316188789ad7f4c1e2fd56dd902214,0xe8429a22753ce3f82c856a7f5dee88264782d956d615db983d0cd5ec8e9fb325,slot_bisected,gd_dbt/seeds/contract_deployments.csv#CELO/0x4f93fa058b03953c851efaa2e4fc5c34afdfab84/era=8,Faucet,8,false
CELO,42220,0x4f93fa058b03953c851efaa2e4fc5c34afdfab84,59605758,59606288,0x41ef166fb7d022ce9a90b47581f323d19fafbddd,0x368dbfc1d9f8d5f05945e140ed7b50750b906c2373068f38cc9e892ab0b66163,slot_bisected,gd_dbt/seeds/contract_deployments.csv#CELO/0x4f93fa058b03953c851efaa2e4fc5c34afdfab84/era=9,Faucet,9,false
CELO,42220,0x4f93fa058b03953c851efaa2e4fc5c34afdfab84,59606288,9223372036854775807,0x08fdf766694c353401350c225caeb9c631dc3288,0x60946ac381f89c0e81d17e75a66b09f5eb90e0846cbc50fba2e642a50f5373cc,slot_bisected,gd_dbt/seeds/contract_deployments.csv#CELO/0x4f93fa058b03953c851efaa2e4fc5c34afdfab84/era=10,Faucet,10,true
CELO,42220,0x5557e9def86ad6564462741a7a3f3679c1223f5d,31415857,9223372036854775807,0x7288d592e1b9013c668801f722be650993d2925a,0x9da4f4203282696d49deb0c241e49e0ff09f8b6da2d463f69f3fc98e66899a74,announced,gd_dbt/seeds/contract_deployments.csv#CELO/0x5557e9def86ad6564462741a7a3f3679c1223f5d/era=1,MentoExpansionController,1,true
CELO,42220,0x5566b6e4962ba83e05a426ad89031ec18e9cadd3,13037458,13254104,0xb0b86dd967655728218b7b87b10051a60758af82,0xc8359e84630f5907348cea1136429f5b91a3d0f687b57f20835a1146881f80e2,announced,gd_dbt/seeds/contract_deployments.csv#CELO/0x5566b6e4962ba83e05a426ad89031ec18e9cadd3/era=1,GoodDollarMintBurnWrapper,1,false
CELO,42220,0x5566b6e4962ba83e05a426ad89031ec18e9cadd3,13254104,13660450,0x413e395b10be6f39f2aa0d80eec48edb88738ac4,0x35f1a1bc56ad9ca11379afa307e637159af9caba0eafea55d97486882a3e4a33,slot_bisected,gd_dbt/seeds/contract_deployments.csv#CELO/0x5566b6e4962ba83e05a426ad89031ec18e9cadd3/era=2,GoodDollarMintBurnWrapper,2,false
CELO,42220,0x5566b6e4962ba83e05a426ad89031ec18e9cadd3,13660450,15806090,0xa7fdd8b0e68e09c9e4aee8f03a8443d5827187d1,0xdfcf646513c464e512d4c0cac0bf69f5ecd5db669a5cba84244159daaba61c82,slot_bisected,gd_dbt/seeds/contract_deployments.csv#CELO/0x5566b6e4962ba83e05a426ad89031ec18e9cadd3/era=3,GoodDollarMintBurnWrapper,3,false
CELO,42220,0x5566b6e4962ba83e05a426ad89031ec18e9cadd3,15806090,17228965,0x0a36091884b8d7808d5fdb47cbdead457ea9803e,0x6a9b48197ba0fb19f74cf5467b1207f689120d97702df03bd2d90c90efff6100,slot_bisected,gd_dbt/seeds/contract_deployments.csv#CELO/0x5566b6e4962ba83e05a426ad89031ec18e9cadd3/era=4,GoodDollarMintBurnWrapper,4,false
CELO,42220,0x5566b6e4962ba83e05a426ad89031ec18e9cadd3,17228965,17239796,0xb3109ca8c7bf74fc5d28285ecf7fe498c21a0698,0x54ef0f8fab68d40828eeeabb66ea0f3d714be1a52894f55431d1c5c76be88d0c,slot_bisected,gd_dbt/seeds/contract_deployments.csv#CELO/0x5566b6e4962ba83e05a426ad89031ec18e9cadd3/era=5,GoodDollarMintBurnWrapper,5,false
CELO,42220,0x5566b6e4962ba83e05a426ad89031ec18e9cadd3,17239796,9223372036854775807,0x098148534ac15a44cff52387ba81ed929589ecaf,0x976528b459f21a7bd143cf3b456517b0a452da77a06e6749356da66a98548dfd,slot_bisected,gd_dbt/seeds/contract_deployments.csv#CELO/0x5566b6e4962ba83e05a426ad89031ec18e9cadd3/era=6,GoodDollarMintBurnWrapper,6,true
CELO,42220,0x5615cdab10dc425a742d643d949a7f474c01abc4,13916381,9223372036854775807,0x5615cdab10dc425a742d643d949a7f474c01abc4,0xec8b1d6527bdadca0f0158435b41f0a9518215005a39b1f286d6a3628b7f806c,announced,gd_dbt/seeds/contract_deployments.csv#CELO/0x5615cdab10dc425a742d643d949a7f474c01abc4/era=1,UniswapV3Router,1,true
CELO,42220,0x62b8b11039fcfe5ab0c56e502b1c372a3d2a9c7a,17237955,17237956,0x0000000000000000000000000000000000000000,impl:0x0000000000000000000000000000000000000000,announced,gd_dbt/seeds/contract_deployments.csv#CELO/0x62b8b11039fcfe5ab0c56e502b1c372a3d2a9c7a/era=1,GoodDollar,1,false
CELO,42220,0x62b8b11039fcfe5ab0c56e502b1c372a3d2a9c7a,17237956,17238214,0xca903643aa81a2d67863079548f6b53a6dae43d7,0x6d4edf2a14e946bc4bc85ccd999d505d35a8c0a901030d95d96cf42312f36d85,slot_bisected,gd_dbt/seeds/contract_deployments.csv#CELO/0x62b8b11039fcfe5ab0c56e502b1c372a3d2a9c7a/era=2,GoodDollar,2,false
CELO,42220,0x62b8b11039fcfe5ab0c56e502b1c372a3d2a9c7a,17238214,17260434,0xf6b5f7a885cbc57d739adbee76e52a70bc04d795,0xf6dcc0590e58b7501bb8701ad1ad658cf2b7de8ec3a8faa9b6d4f2fba8764fa2,slot_bisected,gd_dbt/seeds/contract_deployments.csv#CELO/0x62b8b11039fcfe5ab0c56e502b1c372a3d2a9c7a/era=3,GoodDollar,3,false
CELO,42220,0x62b8b11039fcfe5ab0c56e502b1c372a3d2a9c7a,17260434,17271388,0x2e54a29275ffccbbdb42816ee1dd8d7e610c4cb4,0x083fbabd4a581ff5a538068453614131f51ee536a0bce7bcc5aa716a55d7aa8d,slot_bisected,gd_dbt/seeds/contract_deployments.csv#CELO/0x62b8b11039fcfe5ab0c56e502b1c372a3d2a9c7a/era=4,GoodDollar,4,false
CELO,42220,0x62b8b11039fcfe5ab0c56e502b1c372a3d2a9c7a,17271388,21746648,0xc9995e270b4f0d3d73e3f0133d0ceeb8455d7649,0x934f7100a5cf339f677c3822c76029b38a9e97438635450c878f8c4d58f4909a,slot_bisected,gd_dbt/seeds/contract_deployments.csv#CELO/0x62b8b11039fcfe5ab0c56e502b1c372a3d2a9c7a/era=5,GoodDollar,5,false
CELO,42220,0x62b8b11039fcfe5ab0c56e502b1c372a3d2a9c7a,21746648,22596133,0xac862af0a463a5faebbe959e3483b41400f5bb38,0xbff04a2102f39ae6f66ae309cb4591635ca34f2459429261134e25411faf01fb,slot_bisected,gd_dbt/seeds/contract_deployments.csv#CELO/0x62b8b11039fcfe5ab0c56e502b1c372a3d2a9c7a/era=6,GoodDollar,6,false
CELO,42220,0x62b8b11039fcfe5ab0c56e502b1c372a3d2a9c7a,22596133,77207809,0x880c4641702d5e12d6a881bb6d8fc425e98cb398,0xa2d98dc81d3ca3bab7e5cdbe11a4860fbefde5b50a0c910c52a2504b146e2db5,slot_bisected,gd_dbt/seeds/contract_deployments.csv#CELO/0x62b8b11039fcfe5ab0c56e502b1c372a3d2a9c7a/era=7,GoodDollar,7,false
CELO,42220,0x62b8b11039fcfe5ab0c56e502b1c372a3d2a9c7a,77207809,9223372036854775807,0xaabaac2282681ec667339d70d7ebf7f1720ca1de,0x4650c5f121ca37da373278cb05efc0857704454f4a1afec72b6bc4058bd409d6,slot_bisected,gd_dbt/seeds/contract_deployments.csv#CELO/0x62b8b11039fcfe5ab0c56e502b1c372a3d2a9c7a/era=8,GoodDollar,8,true
CELO,42220,0x62d5b84be28a183abb507e125b384122d2c25fae,5272596,9223372036854775807,0x62d5b84be28a183abb507e125b384122d2c25fae,0xdac4452e3e8e28193a714ff79e8268661235b1f73a3ccf61d85470d3ce89ed3b,announced,gd_dbt/seeds/contract_deployments.csv#CELO/0x62d5b84be28a183abb507e125b384122d2c25fae/era=1,UniswapV2Factory,1,true
CELO,42220,0x67fea58d5a5a4162ced847e13c2c81c73bf8aec4,25639915,9223372036854775807,0x67fea58d5a5a4162ced847e13c2c81c73bf8aec4,0xa99af02b020bfe03b92021add28ab8707c33a0d1887e01e67da39c5531fb9e85,announced,gd_dbt/seeds/contract_deployments.csv#CELO/0x67fea58d5a5a4162ced847e13c2c81c73bf8aec4/era=1,UniswapV3FactorySecond,1,true
CELO,42220,0x6b845effaf36c374e8e7cf543efa680f2f71f098,31415781,9223372036854775807,0x6db04d771e2ba750effbbad59dcca20381efb1c5,0xa1a06f022a982744ad4a646f9ced63087f65f2b7d4e29c4e92345f2714abb030,announced,gd_dbt/seeds/contract_deployments.csv#CELO/0x6b845effaf36c374e8e7cf543efa680f2f71f098/era=1,CeloDistributionHelper,1,true
CELO,42220,0x7119cd89d4792af90277d84cdffa3f2ab22a0022,18002976,21368263,0xbfb5052aee113fc160c18ae85c9831dcd2b2fdc0,0xc67787fd2231f7326a2527db40332b920f33840fe942296e17be56f6125ac589,announced,gd_dbt/seeds/contract_deployments.csv#CELO/0x7119cd89d4792af90277d84cdffa3f2ab22a0022/era=1,AdminWallet,1,false
CELO,42220,0x7119cd89d4792af90277d84cdffa3f2ab22a0022,21368263,21369184,0x24614ad257f4d09fccaec024c65c40c060e73e9d,0xe21dd06280946f5040f63cbfa0ea2b2e35e000ae528828935dbbaed0244177d7,slot_bisected,gd_dbt/seeds/contract_deployments.csv#CELO/0x7119cd89d4792af90277d84cdffa3f2ab22a0022/era=2,AdminWallet,2,false
CELO,42220,0x7119cd89d4792af90277d84cdffa3f2ab22a0022,21369184,28227319,0xae2cd2a9513215961d344a2581dcab678598eedf,0xae2e0d5cd6fc590c4b6ce659efebd29bb417c359076b8ecd7ec4adf389379c00,slot_bisected,gd_dbt/seeds/contract_deployments.csv#CELO/0x7119cd89d4792af90277d84cdffa3f2ab22a0022/era=3,AdminWallet,3,false
CELO,42220,0x7119cd89d4792af90277d84cdffa3f2ab22a0022,28227319,50872873,0x703856db9a5432964f081ff4dc46480738fae7bd,0xf15f2e31e0c7251bd3babc7f23dccff946ca6582daa5f0eee7e19d3424823619,slot_bisected,gd_dbt/seeds/contract_deployments.csv#CELO/0x7119cd89d4792af90277d84cdffa3f2ab22a0022/era=4,AdminWallet,4,false
CELO,42220,0x7119cd89d4792af90277d84cdffa3f2ab22a0022,50872873,9223372036854775807,0xfef0ef0916c5c7745b201dc9e2d04483b1eb36f1,0x28708bf9f584205831cdf5ff571feb8c3fe60d1759a4edc4953eb2ffe8b88430,slot_bisected,gd_dbt/seeds/contract_deployments.csv#CELO/0x7119cd89d4792af90277d84cdffa3f2ab22a0022/era=5,AdminWallet,5,true
CELO,42220,0x765de816845861e75a25fca122bb6898b8b1282a,2957,2961,0x0000000000000000000000000000000000000000,impl:0x0000000000000000000000000000000000000000,announced,gd_dbt/seeds/contract_deployments.csv#CELO/0x765de816845861e75a25fca122bb6898b8b1282a/era=1,CUSD,1,false
CELO,42220,0x765de816845861e75a25fca122bb6898b8b1282a,2961,3629000,0xaa933baf03cfc55b8e4e0d7de479bcc12f189352,0xa23ae32221bdebb534ab6da55a2b31ca5cc931aa8b6def9bb5f8401e139d51d2,slot_bisected,gd_dbt/seeds/contract_deployments.csv#CELO/0x765de816845861e75a25fca122bb6898b8b1282a/era=2,CUSD,2,false
CELO,42220,0x765de816845861e75a25fca122bb6898b8b1282a,3629000,5822108,0x7e327831c644f2b1fef642079f116181bc471cb3,0xfd545fc18c7a1a554e36aeb4392a9d532ba2911131296f6a5d1d5a478ffbe4e1,slot_bisected,gd_dbt/seeds/contract_deployments.csv#CELO/0x765de816845861e75a25fca122bb6898b8b1282a/era=3,CUSD,3,false
CELO,42220,0x765de816845861e75a25fca122bb6898b8b1282a,5822108,9105530,0x2c4c1f3e06d494bcc03e93b373637cc4333cbd7d,0xe4c43237f59abc7e640bd1a1e60fe5d81b77b5522ad3459aede9f1e17c3d0b46,slot_bisected,gd_dbt/seeds/contract_deployments.csv#CELO/0x765de816845861e75a25fca122bb6898b8b1282a/era=4,CUSD,4,false
CELO,42220,0x765de816845861e75a25fca122bb6898b8b1282a,9105530,18635694,0x18e6bfdc909063f7445e410a5495264619495bcb,0x040dda9403fdb8661a907d59b7aa0b98d8d163e35647e41c4e697d669036367b,slot_bisected,gd_dbt/seeds/contract_deployments.csv#CELO/0x765de816845861e75a25fca122bb6898b8b1282a/era=5,CUSD,5,false
CELO,42220,0x765de816845861e75a25fca122bb6898b8b1282a,18635694,23065563,0x7ae2f384fe14ead85779f9224558862d6d3e4f28,0xd73ed2d40adbb84367cd834fa834bb09eb4f67e668215e8895635930c8d7b714,slot_bisected,gd_dbt/seeds/contract_deployments.csv#CELO/0x765de816845861e75a25fca122bb6898b8b1282a/era=6,CUSD,6,false
CELO,42220,0x765de816845861e75a25fca122bb6898b8b1282a,23065563,60666007,0x434563b0604be100f04b7ae485bcafe3c9d8850e,0x659d421716b8eac9026199a99ab15d277dc163a46f48ac5ebf9e1462a6d85170,slot_bisected,gd_dbt/seeds/contract_deployments.csv#CELO/0x765de816845861e75a25fca122bb6898b8b1282a/era=7,CUSD,7,false
CELO,42220,0x765de816845861e75a25fca122bb6898b8b1282a,60666007,60745284,0x4b9b0e94197b7b2b11d311239e1420106ce7a2a2,0x43c6a9f2bbd66e2a2cff43250a380b0fbbf4880e865b163303a849bf45a71ca8,slot_bisected,gd_dbt/seeds/contract_deployments.csv#CELO/0x765de816845861e75a25fca122bb6898b8b1282a/era=8,CUSD,8,false
CELO,42220,0x765de816845861e75a25fca122bb6898b8b1282a,60745284,9223372036854775807,0x815795c30d0758a297b08cd4e0643620c974c318,0xd5be5b27724e5f68e90b0765f4a2bc883b6847812356d4ef33ac38ed277a30cf,slot_bisected,gd_dbt/seeds/contract_deployments.csv#CELO/0x765de816845861e75a25fca122bb6898b8b1282a/era=9,CUSD,9,true
CELO,42220,0x82825d0554fa07f7fc52ab63c961f330fdefa8e8,13916379,9223372036854775807,0x82825d0554fa07f7fc52ab63c961f330fdefa8e8,0x557b5bc80c7000c05bac66693aff2264927a0a22ea1f80d590449b52d515aa34,announced,gd_dbt/seeds/contract_deployments.csv#CELO/0x82825d0554fa07f7fc52ab63c961f330fdefa8e8/era=1,UniswapQouter,1,true
CELO,42220,0x8471406c3bff67cc6538481c8550364bda6ca691,31415855,9223372036854775807,0x8471406c3bff67cc6538481c8550364bda6ca691,0xdd44d5a52707f76ac1bb4147820056bd47ca2c90f79d82fdaeb19b7d180179b4,announced,gd_dbt/seeds/contract_deployments.csv#CELO/0x8471406c3bff67cc6538481c8550364bda6ca691/era=1,MentoProxyAdmin,1,true
CELO,42220,0x88de45906d4f5a57315c133620cfa484cb297541,31415857,61416834,0xc22505d3a6ae087c0bd4715a56c38b7a029477b2,0x58558a86a3aced5b23ae279244bd285f68c9d6d0a20cf283b7a40a0784697831,announced,gd_dbt/seeds/contract_deployments.csv#CELO/0x88de45906d4f5a57315c133620cfa484cb297541/era=1,MentoBroker,1,false
CELO,42220,0x88de45906d4f5a57315c133620cfa484cb297541,61416834,9223372036854775807,0xc69ae3550e25c7ab28301b9bf75f20f5af47b7d2,0x2e63673ca3232bd818d12804ade7e1d688b7c11da7812d0237a3564e99cd0fb7,slot_bisected,gd_dbt/seeds/contract_deployments.csv#CELO/0x88de45906d4f5a57315c133620cfa484cb297541/era=2,MentoBroker,2,true
CELO,42220,0x8b393470bef8bb27a9a5169531b4eba5209b0b26,40596860,9223372036854775807,0x8b393470bef8bb27a9a5169531b4eba5209b0b26,0x84fe2b52e16ffad7d7e40b57117e8ee7ab3c7e4c3edb2acfc9a7dee556f25a47,announced,gd_dbt/seeds/contract_deployments.csv#CELO/0x8b393470bef8bb27a9a5169531b4eba5209b0b26/era=1,PoolGdCeloV3Mid,1,true
CELO,42220,0x9491d57c5687ab75726423b55ac2d87d1cda2c3f,19916922,9223372036854775807,0x9491d57c5687ab75726423b55ac2d87d1cda2c3f,0x98890919ba4af6d5acadd5f3bf6b6387333d595bf974ef93adfd993d79acf92c,announced,gd_dbt/seeds/contract_deployments.csv#CELO/0x9491d57c5687ab75726423b55ac2d87d1cda2c3f/era=1,PoolGdUsdmV3,1,true
CELO,42220,0x94a3240f484a04f5e3d524f528d02694c109463b,31415856,9223372036854775807,0xf036896e9441ecaeb1b6d2fc1b982021eed2b439,0xe5750e9acc0322eae552526478b90a1a762ea401bf9094ff36daa6d0e4669020,announced,gd_dbt/seeds/contract_deployments.csv#CELO/0x94a3240f484a04f5e3d524f528d02694c109463b/era=1,MentoReserve,1,true
CELO,42220,0x991f1aa7e0901f9ab3d583846bf5be0ebace1d7f,21108554,9223372036854775807,0x991f1aa7e0901f9ab3d583846bf5be0ebace1d7f,0x4571767e06d5040fa5e97ac1a4d2552c38d18a335a34e1f9315558f06a3bae3d,announced,gd_dbt/seeds/contract_deployments.csv#CELO/0x991f1aa7e0901f9ab3d583846bf5be0ebace1d7f/era=1,PoolGdUsdgloV3Low,1,true
CELO,42220,0x9d369e78e1a682ce0f8d9ad849bea4fe1c3bd3ad,16393492,18349124,0x25cc912cc038f1791734f39ceb4d8bffb32c7c61,0x75e9777e4dc04eb4239f29c5d7f293dc476140250658aa342ae46dc5943dcaba,announced,gd_dbt/seeds/contract_deployments.csv#CELO/0x9d369e78e1a682ce0f8d9ad849bea4fe1c3bd3ad/era=1,SuperfluidCFAv1,1,false
CELO,42220,0x9d369e78e1a682ce0f8d9ad849bea4fe1c3bd3ad,18349124,19952321,0xe40983c2476032a0915600b9472b3141aa5b5ba9,0x7d085cb6ac5adcabb2282b7790fd4b6ce42dba3bf82c7984db6c9a8ea98e611f,slot_bisected,gd_dbt/seeds/contract_deployments.csv#CELO/0x9d369e78e1a682ce0f8d9ad849bea4fe1c3bd3ad/era=2,SuperfluidCFAv1,2,false
CELO,42220,0x9d369e78e1a682ce0f8d9ad849bea4fe1c3bd3ad,19952321,20091409,0x5f001c3915084186b9109fb9dc1e978c98f854b0,0xfd8e2cc384599300dce3e61069f0d2ce1313164acf549816f25fb59f548f543d,slot_bisected,gd_dbt/seeds/contract_deployments.csv#CELO/0x9d369e78e1a682ce0f8d9ad849bea4fe1c3bd3ad/era=3,SuperfluidCFAv1,3,false
CELO,42220,0x9d369e78e1a682ce0f8d9ad849bea4fe1c3bd3ad,20091409,21146434,0x9f9eed9bbc38e9e0514fd9dfcc0bca9869a9c534,0x2ef2c7bfba9b8dca88af2515f2a4aa08cde06f64b0af0a15c90068db7f8c6d1c,slot_bisected,gd_dbt/seeds/contract_deployments.csv#CELO/0x9d369e78e1a682ce0f8d9ad849bea4fe1c3bd3ad/era=4,SuperfluidCFAv1,4,false
CELO,42220,0x9d369e78e1a682ce0f8d9ad849bea4fe1c3bd3ad,21146434,23701580,0x4247ba6c3658fa5c0f523bacea8d0b97af1a175e,0x1c984c77810263353e0e29c4f8d46f24622b7bb0ed55499cc51aeae7c834554c,slot_bisected,gd_dbt/seeds/contract_deployments.csv#CELO/0x9d369e78e1a682ce0f8d9ad849bea4fe1c3bd3ad/era=5,SuperfluidCFAv1,5,false
CELO,42220,0x9d369e78e1a682ce0f8d9ad849bea4fe1c3bd3ad,23701580,24738429,0xdf3f4b9e4e67a21c868d043a92ae921ff0ebadbb,0xbd691ecb50633ce343c9f1cd04c7789a1cbb1e075621e3209809c1482b3e78f3,slot_bisected,gd_dbt/seeds/contract_deployments.csv#CELO/0x9d369e78e1a682ce0f8d9ad849bea4fe1c3bd3ad/era=6,SuperfluidCFAv1,6,false
CELO,42220,0x9d369e78e1a682ce0f8d9ad849bea4fe1c3bd3ad,24738429,26706819,0xe3f6ec0676b9ce5d759580e1d526dee31678c283,0x85d3c06af86a7ad69fb86b1dc069dcacff6cba81fdcce7fa857eae31d3fc31dc,slot_bisected,gd_dbt/seeds/contract_deployments.csv#CELO/0x9d369e78e1a682ce0f8d9ad849bea4fe1c3bd3ad/era=7,SuperfluidCFAv1,7,false
CELO,42220,0x9d369e78e1a682ce0f8d9ad849bea4fe1c3bd3ad,26706819,27058151,0x247f65bd849d686147330978aa7521457c5a83bf,0x20b540bd27dd1019829f59165480a11522745d5fb13a6815102e65452d36236f,slot_bisected,gd_dbt/seeds/contract_deployments.csv#CELO/0x9d369e78e1a682ce0f8d9ad849bea4fe1c3bd3ad/era=8,SuperfluidCFAv1,8,false
CELO,42220,0x9d369e78e1a682ce0f8d9ad849bea4fe1c3bd3ad,27058151,28853698,0x81398af97997f3973416d312939f790636719195,0x942776f307798a9174da8bc44d2dc4f24469b24ce6d3974e35f4280a7e88f846,slot_bisected,gd_dbt/seeds/contract_deployments.csv#CELO/0x9d369e78e1a682ce0f8d9ad849bea4fe1c3bd3ad/era=9,SuperfluidCFAv1,9,false
CELO,42220,0x9d369e78e1a682ce0f8d9ad849bea4fe1c3bd3ad,28853698,29627986,0xf10e526e33f3f377e5b11d62e091fe3f4162a3d0,0x0b9f6edffde404761e0993c5b1712631e782dd372af34820a9ea0dd95aed21ca,slot_bisected,gd_dbt/seeds/contract_deployments.csv#CELO/0x9d369e78e1a682ce0f8d9ad849bea4fe1c3bd3ad/era=10,SuperfluidCFAv1,10,false
CELO,42220,0x9d369e78e1a682ce0f8d9ad849bea4fe1c3bd3ad,29627986,33928238,0x75e58f16f95ac530789d22e55713c9f8dc22444c,0xd4b756d9a39c0ac5df7daeda534d2ab144410bab2a665553566f0f2b7f9246fe,slot_bisected,gd_dbt/seeds/contract_deployments.csv#CELO/0x9d369e78e1a682ce0f8d9ad849bea4fe1c3bd3ad/era=11,SuperfluidCFAv1,11,false
CELO,42220,0x9d369e78e1a682ce0f8d9ad849bea4fe1c3bd3ad,33928238,39643668,0x511cba3de92db7891967e21dbd7c4571531ab84b,0xb4e15d60d54a173a5cfe3820cb03c0f7ecb514f015a7ab934c6b76ab6849aeac,slot_bisected,gd_dbt/seeds/contract_deployments.csv#CELO/0x9d369e78e1a682ce0f8d9ad849bea4fe1c3bd3ad/era=12,SuperfluidCFAv1,12,false
CELO,42220,0x9d369e78e1a682ce0f8d9ad849bea4fe1c3bd3ad,39643668,52777129,0xd571f5ec96a5b362d10615ff999f06fac4c9e141,0xacf7e26bc301a35fe1ba129370a5af1d3e8555c6610bc768c8f7183e3f18903a,slot_bisected,gd_dbt/seeds/contract_deployments.csv#CELO/0x9d369e78e1a682ce0f8d9ad849bea4fe1c3bd3ad/era=13,SuperfluidCFAv1,13,false
CELO,42220,0x9d369e78e1a682ce0f8d9ad849bea4fe1c3bd3ad,52777129,61309260,0x57897b796ece6633fc7c0c6490b4eb84d58509e5,0xcc3e5b55fc44f61f11120b6ad3973f97782035b82eb55455a2589a2a37a4c623,slot_bisected,gd_dbt/seeds/contract_deployments.csv#CELO/0x9d369e78e1a682ce0f8d9ad849bea4fe1c3bd3ad/era=14,SuperfluidCFAv1,14,false
CELO,42220,0x9d369e78e1a682ce0f8d9ad849bea4fe1c3bd3ad,61309260,74797088,0x7e115385bdbd12fb943a099320c41224b4fa96f4,0x938d286c9bc510c3815ee4df6bc0c94e47770008998c9c0c05f8f35c6ca0d4c1,slot_bisected,gd_dbt/seeds/contract_deployments.csv#CELO/0x9d369e78e1a682ce0f8d9ad849bea4fe1c3bd3ad/era=15,SuperfluidCFAv1,15,false
CELO,42220,0x9d369e78e1a682ce0f8d9ad849bea4fe1c3bd3ad,74797088,9223372036854775807,0x88bb53dea50691cc41094cde84f88d6afb8ca499,0xfb234d8843f0d85344c9a28a31c61b75c71866116caed48021c0419b16be14ca,slot_bisected,gd_dbt/seeds/contract_deployments.csv#CELO/0x9d369e78e1a682ce0f8d9ad849bea4fe1c3bd3ad/era=16,SuperfluidCFAv1,16,true
CELO,42220,0xa2521e8f5a990903fdd8afa6570c52526e7e0d5e,16375699,9223372036854775807,0xa2521e8f5a990903fdd8afa6570c52526e7e0d5e,0xb89c1b3bdf2cf8827818646bce9a8f6e372885f8c55e5c07acbd307cb133b000,announced,gd_dbt/seeds/contract_deployments.csv#CELO/0xa2521e8f5a990903fdd8afa6570c52526e7e0d5e/era=1,GuardiansSafe,1,true
CELO,42220,0xa3247276dbcc76dd7705273f766eb3e8a5ecf4a5,21473545,21473546,0x0000000000000000000000000000000000000000,impl:0x0000000000000000000000000000000000000000,announced,gd_dbt/seeds/contract_deployments.csv#CELO/0xa3247276dbcc76dd7705273f766eb3e8a5ecf4a5/era=1,MpbBridge,1,false
CELO,42220,0xa3247276dbcc76dd7705273f766eb3e8a5ecf4a5,21473546,23063176,0xd0a3fad8d7887f8264414ddd3290ed1782fb4658,0x3cf5b0c8c76f42b66f9fdea7cc3fa15f701f158458a5d0ed4e5a7966e5cbb891,slot_bisected,gd_dbt/seeds/contract_deployments.csv#CELO/0xa3247276dbcc76dd7705273f766eb3e8a5ecf4a5/era=2,MpbBridge,2,false
CELO,42220,0xa3247276dbcc76dd7705273f766eb3e8a5ecf4a5,23063176,31525116,0x691de730d97d545c141d13ed5e9c12b7cb384a73,0x61ac5f3f5751317589d19866c83ec842c45e2e38869f22973b935ed691ac8f88,slot_bisected,gd_dbt/seeds/contract_deployments.csv#CELO/0xa3247276dbcc76dd7705273f766eb3e8a5ecf4a5/era=3,MpbBridge,3,false
CELO,42220,0xa3247276dbcc76dd7705273f766eb3e8a5ecf4a5,31525116,50351048,0x2537f22e7b2d5d14e7f571fa67fcd846d73317f6,0xf73e0601329e2c0be422f8110b8d9e72950ec58d1a23d0aebf931dc07aa742f9,slot_bisected,gd_dbt/seeds/contract_deployments.csv#CELO/0xa3247276dbcc76dd7705273f766eb3e8a5ecf4a5/era=4,MpbBridge,4,false
CELO,42220,0xa3247276dbcc76dd7705273f766eb3e8a5ecf4a5,50351048,52958251,0x7bdaf2fb332761b2a6a565a43ccb0acfc36d2c3d,0x1624abfee3f1e647d995471b9cd0434db19d19df21e57b80046ae86f52c9df34,slot_bisected,gd_dbt/seeds/contract_deployments.csv#CELO/0xa3247276dbcc76dd7705273f766eb3e8a5ecf4a5/era=5,MpbBridge,5,false
CELO,42220,0xa3247276dbcc76dd7705273f766eb3e8a5ecf4a5,52958251,61416834,0xf3eab7018d74e7df95a5d8dc70987c0539bdf48f,0x7fd33bb337b7565f86a2f7099feb87a2b4f446b94151b7c68b4091eadfb0b369,slot_bisected,gd_dbt/seeds/contract_deployments.csv#CELO/0xa3247276dbcc76dd7705273f766eb3e8a5ecf4a5/era=6,MpbBridge,6,false
CELO,42220,0xa3247276dbcc76dd7705273f766eb3e8a5ecf4a5,61416834,9223372036854775807,0x3edd30a1cd94dd6d3329b5ebaff5aa4e0a4e4a55,0x29296c3a605737b0ad6dcd4b9040193cc76a01bf8488220f789e13219be9a5a5,slot_bisected,gd_dbt/seeds/contract_deployments.csv#CELO/0xa3247276dbcc76dd7705273f766eb3e8a5ecf4a5/era=7,MpbBridge,7,true
CELO,42220,0xa4ff07cf81c02cfd356184879d953970ca957585,16393469,16393473,0x0000000000000000000000000000000000000000,impl:0x0000000000000000000000000000000000000000,announced,gd_dbt/seeds/contract_deployments.csv#CELO/0xa4ff07cf81c02cfd356184879d953970ca957585/era=1,SuperfluidHost,1,false
CELO,42220,0xa4ff07cf81c02cfd356184879d953970ca957585,16393473,18349124,0xf37a766fb6684fa86842f88380e786c2bd32ba4c,0x191b0b9c7e52f28242fb40f248e987dc8aa98ee003548293837c02ac582c0fa7,slot_bisected,gd_dbt/seeds/contract_deployments.csv#CELO/0xa4ff07cf81c02cfd356184879d953970ca957585/era=2,SuperfluidHost,2,false
CELO,42220,0xa4ff07cf81c02cfd356184879d953970ca957585,18349124,19952321,0x109412e3c84f0539b43d39db691b08c90f58dc7c,0xbad743f142e85dab71de287f4efced306d2dd49c2522aa8e5937581d1fa2caea,slot_bisected,gd_dbt/seeds/contract_deployments.csv#CELO/0xa4ff07cf81c02cfd356184879d953970ca957585/era=3,SuperfluidHost,3,false
CELO,42220,0xa4ff07cf81c02cfd356184879d953970ca957585,19952321,20091409,0x15f0ca26781c3852f8166ed2ebce5d18265cceb7,0x79c0bf6cc0a97404a1ba4f04a21491ed3dd432ffd8c792578680a79363aa9030,slot_bisected,gd_dbt/seeds/contract_deployments.csv#CELO/0xa4ff07cf81c02cfd356184879d953970ca957585/era=4,SuperfluidHost,4,false
CELO,42220,0xa4ff07cf81c02cfd356184879d953970ca957585,20091409,21146434,0xe01f8743677da897f4e7de9073b57bf034fc2433,0xbe25805f704e9912841503d6f91e3570d8bf75dea127874a0afb35a0c0c566d0,slot_bisected,gd_dbt/seeds/contract_deployments.csv#CELO/0xa4ff07cf81c02cfd356184879d953970ca957585/era=5,SuperfluidHost,5,false
CELO,42220,0xa4ff07cf81c02cfd356184879d953970ca957585,21146434,23701580,0xb8f12031d79615f3faf6ec5f9795057e55e3069a,0xd402dc49770a98fa224b4f55fc6d7d6a937655d3c788084771133ebbaea954f5,slot_bisected,gd_dbt/seeds/contract_deployments.csv#CELO/0xa4ff07cf81c02cfd356184879d953970ca957585/era=6,SuperfluidHost,6,false
CELO,42220,0xa4ff07cf81c02cfd356184879d953970ca957585,23701580,24738429,0x143ea239159155b408e71cdbe836e8cfd6766732,0x7c07df056c3c6dab1e3fe96a6d7d8453b594969f72fa151a5c8b47063613532f,slot_bisected,gd_dbt/seeds/contract_deployments.csv#CELO/0xa4ff07cf81c02cfd356184879d953970ca957585/era=7,SuperfluidHost,7,false
CELO,42220,0xa4ff07cf81c02cfd356184879d953970ca957585,24738429,26706819,0xddc77ec35a571c98c7465b51f152e4888835bee6,0x57164c7f8472925746087e8db09c807893b00780c5a1c92c8faf1743b48977f8,slot_bisected,gd_dbt/seeds/contract_deployments.csv#CELO/0xa4ff07cf81c02cfd356184879d953970ca957585/era=8,SuperfluidHost,8,false
CELO,42220,0xa4ff07cf81c02cfd356184879d953970ca957585,26706819,27058151,0xcf3f4fa77f4427f6a1c1a96556194b40fc9dbf02,0x2878db05fa2818412b3dc91044e48209e42aed3f5912e5153ef076c953099914,slot_bisected,gd_dbt/seeds/contract_deployments.csv#CELO/0xa4ff07cf81c02cfd356184879d953970ca957585/era=9,SuperfluidHost,9,false
CELO,42220,0xa4ff07cf81c02cfd356184879d953970ca957585,27058151,27279493,0x78743a68d52c9d6ccf3ff4558f3af510592e3c2d,0x29b712122f26431d8f811f6b06e233dadd2e5efd3d1d73e693753da543178401,slot_bisected,gd_dbt/seeds/contract_deployments.csv#CELO/0xa4ff07cf81c02cfd356184879d953970ca957585/era=10,SuperfluidHost,10,false
CELO,42220,0xa4ff07cf81c02cfd356184879d953970ca957585,27279493,28853698,0x862f59081fc7907f940be4227b9f485d700e6cdd,0xbdd0248aee9f9d9cd42b1ec49b695e18234162ea5f5fd7f3bf3f2a1db1ea1d4c,slot_bisected,gd_dbt/seeds/contract_deployments.csv#CELO/0xa4ff07cf81c02cfd356184879d953970ca957585/era=11,SuperfluidHost,11,false
CELO,42220,0xa4ff07cf81c02cfd356184879d953970ca957585,28853698,29627986,0xae50ba6b0f7412dfd2061bfcd15c2d63f36af143,0x5e9cb99ff4ba661eb86d8c7a44f90f36a2ad1fbeabd1769133e6d34c726fd95a,slot_bisected,gd_dbt/seeds/contract_deployments.csv#CELO/0xa4ff07cf81c02cfd356184879d953970ca957585/era=12,SuperfluidHost,12,false
CELO,42220,0xa4ff07cf81c02cfd356184879d953970ca957585,29627986,33928238,0xf26967f92151487f8c6642199c3441b02398d19e,0xd725780f0e452fc2e98ba0b229c1854c34e9882a5550c03501406c8fcc98f3d0,slot_bisected,gd_dbt/seeds/contract_deployments.csv#CELO/0xa4ff07cf81c02cfd356184879d953970ca957585/era=13,SuperfluidHost,13,false
CELO,42220,0xa4ff07cf81c02cfd356184879d953970ca957585,33928238,39643668,0x9a19773ebe33c5917012c2bb982bc683d91ec600,0x49e13d9d72661dfdb490a8a67c32fef72a7b212bdaaabf0c9cc231818377de45,slot_bisected,gd_dbt/seeds/contract_deployments.csv#CELO/0xa4ff07cf81c02cfd356184879d953970ca957585/era=14,SuperfluidHost,14,false
CELO,42220,0xa4ff07cf81c02cfd356184879d953970ca957585,39643668,44995009,0x97620d4d7950223963f00db25f12b4ac1d4eed99,0x271879ac911f8440a875974a04b54db30b8a5f63898975a041489de41f36554c,slot_bisected,gd_dbt/seeds/contract_deployments.csv#CELO/0xa4ff07cf81c02cfd356184879d953970ca957585/era=15,SuperfluidHost,15,false
CELO,42220,0xa4ff07cf81c02cfd356184879d953970ca957585,44995009,52777129,0x3b526b50709a5551030673be284bc9c1e38351ac,0x6f43af90345b70565298e49768034ab0ff782c995fd5fdb26c0871f6ded40fe1,slot_bisected,gd_dbt/seeds/contract_deployments.csv#CELO/0xa4ff07cf81c02cfd356184879d953970ca957585/era=16,SuperfluidHost,16,false
CELO,42220,0xa4ff07cf81c02cfd356184879d953970ca957585,52777129,61309260,0x8e03f0edb581e8b6aad80eece89b3028388f4b53,0x5f3453e79f1aaac3f7dfe0c14452701fd8f3501ec000334f70bc80f9e9dcbf7b,slot_bisected,gd_dbt/seeds/contract_deployments.csv#CELO/0xa4ff07cf81c02cfd356184879d953970ca957585/era=17,SuperfluidHost,17,false
CELO,42220,0xa4ff07cf81c02cfd356184879d953970ca957585,61309260,74797088,0xf17e88391b68c2a5972131f5044fd6ace665f221,0x19a7ec64380e14852eee8d4a0f7bdb4a15c98dd9e8359f42a0cc2316415b759e,slot_bisected,gd_dbt/seeds/contract_deployments.csv#CELO/0xa4ff07cf81c02cfd356184879d953970ca957585/era=18,SuperfluidHost,18,false
CELO,42220,0xa4ff07cf81c02cfd356184879d953970ca957585,74797088,76632579,0xc899724f32859e8169e607a23448e4b487b4dc04,0x61f96160837a684e3c8b66ebac18d6c0517947e8d3789d8833f567592d3ea40d,slot_bisected,gd_dbt/seeds/contract_deployments.csv#CELO/0xa4ff07cf81c02cfd356184879d953970ca957585/era=19,SuperfluidHost,19,false
CELO,42220,0xa4ff07cf81c02cfd356184879d953970ca957585,76632579,9223372036854775807,0x724676722b69b8b0e5fcf030de796047e771e5f9,0xdb6e855c140ab4a6e967d9ddb3d022b5fb39cf6956ff6677bbddf9f7ef334e70,slot_bisected,gd_dbt/seeds/contract_deployments.csv#CELO/0xa4ff07cf81c02cfd356184879d953970ca957585/era=20,SuperfluidHost,20,true
CELO,42220,0xa9000aa66903b5e26f88fa8462739cdcf7956ea6,17237958,9223372036854775807,0x4be0c7f9c468b174dfeba304d8bd6af000948a79,0x47c7e53ea14ed9e7757ba2640dfbdcb6ddf21ef2bc9578d9d2c4e92e53ebeea0,announced,gd_dbt/seeds/contract_deployments.csv#CELO/0xa9000aa66903b5e26f88fa8462739cdcf7956ea6/era=1,GReputation,1,true
CELO,42220,0xafe208a311b21f13ef87e33a90049fc17a7acdec,13916355,9223372036854775807,0xafe208a311b21f13ef87e33a90049fc17a7acdec,0x5960f2f785dd273f0eeb9624f32a9f93bd1560dc1335171d22411d48296d79b3,announced,gd_dbt/seeds/contract_deployments.csv#CELO/0xafe208a311b21f13ef87e33a90049fc17a7acdec/era=1,UniswapV3Factory,1,true
CELO,42220,0xb1c87d3270d4a23bc1fcca8be53af11e4773d89d,72905831,9223372036854775807,0xb1c87d3270d4a23bc1fcca8be53af11e4773d89d,0x2c25daa8960a888e9b92aa463cfe8770a5b7afcf0d7359dcd1bf3b344c8be1a8,announced,gd_dbt/seeds/contract_deployments.csv#CELO/0xb1c87d3270d4a23bc1fcca8be53af11e4773d89d/era=1,BUYGDFactoryV3,1,true
CELO,42220,0xb27d247f5c2a61d2cb6b6e67fee51d839447e97d,18105474,9223372036854775807,0xb27d247f5c2a61d2cb6b6e67fee51d839447e97d,0xc7ffb78edacaf8c162f803f1d06d60a0f7959fef40e59c642134256cbe714fac,announced,gd_dbt/seeds/contract_deployments.csv#CELO/0xb27d247f5c2a61d2cb6b6e67fee51d839447e97d/era=1,OneTimePayments,1,true
CELO,42220,0xc361a6e67822a0edc17d899227dd9fc50bd62f42,17237952,18314662,0x284a775f971c58c93cc5ee2a09a5f3496af9b11d,0x8a3716a5117789bfbb058b671557334c9f95d40631126f92b67f977ba7e44fe7,announced,gd_dbt/seeds/contract_deployments.csv#CELO/0xc361a6e67822a0edc17d899227dd9fc50bd62f42/era=1,Identity,1,false
CELO,42220,0xc361a6e67822a0edc17d899227dd9fc50bd62f42,18314662,19163670,0x7d3033247d4a57b8193b6d9193fd56b45c3f794f,0x68684e4903b9e207776736097e4c0bc1be9043a4e83a8b1553a9327b0cc42142,slot_bisected,gd_dbt/seeds/contract_deployments.csv#CELO/0xc361a6e67822a0edc17d899227dd9fc50bd62f42/era=2,Identity,2,false
CELO,42220,0xc361a6e67822a0edc17d899227dd9fc50bd62f42,19163670,50351048,0x3df6ea625866df8d0a61408a122c484b98f3184c,0x622b7abbc47d60c8a7493bde94d8e9164b244c4631dd33ed79590c739cdb0ced,slot_bisected,gd_dbt/seeds/contract_deployments.csv#CELO/0xc361a6e67822a0edc17d899227dd9fc50bd62f42/era=3,Identity,3,false
CELO,42220,0xc361a6e67822a0edc17d899227dd9fc50bd62f42,50351048,61416834,0x1eeeb5ba9a9f8b84e52612884a4c18c78cc7413e,0x4bd0225a727e3608ce47277a685849547c779c35785388dffcb68a1064f49f23,slot_bisected,gd_dbt/seeds/contract_deployments.csv#CELO/0xc361a6e67822a0edc17d899227dd9fc50bd62f42/era=4,Identity,4,false
CELO,42220,0xc361a6e67822a0edc17d899227dd9fc50bd62f42,61416834,9223372036854775807,0x0ecc03f4e3fa94fa6e2098428a3ad393b65933c9,0x0a43a8aa37ea56339ba7f8b8083eb95f17e582d1ccfb2c9f37b8436b195085ad,slot_bisected,gd_dbt/seeds/contract_deployments.csv#CELO/0xc361a6e67822a0edc17d899227dd9fc50bd62f42/era=5,Identity,5,true
CELO,42220,0xc413cc6c58f0c290e89ddaec83c2590017985eb7,31415775,9223372036854775807,0xc413cc6c58f0c290e89ddaec83c2590017985eb7,0xec07536d5a957fe23c6401f1d120012f7eec8637486054801d7915f025b2063b,announced,gd_dbt/seeds/contract_deployments.csv#CELO/0xc413cc6c58f0c290e89ddaec83c2590017985eb7/era=1,MentoUpgradeHelper,1,true
CELO,42220,0xc9d09ba972b4eb6bb7347f2229fb6d50434ffca6,12956494,9223372036854775807,0xc9d09ba972b4eb6bb7347f2229fb6d50434ffca6,0xb89c1b3bdf2cf8827818646bce9a8f6e372885f8c55e5c07acbd307cb133b000,announced,gd_dbt/seeds/contract_deployments.csv#CELO/0xc9d09ba972b4eb6bb7347f2229fb6d50434ffca6/era=1,GuardiansSafeOld,1,true
CELO,42220,0xcb037f27eb3952222810966e28e0ceb650c65cd9,20750772,9223372036854775807,0xcb037f27eb3952222810966e28e0ceb650c65cd9,0xb444db86df9a51d5ea46b9174dbbf339e48710745d888234840a9ce5679968ed,announced,gd_dbt/seeds/contract_deployments.csv#CELO/0xcb037f27eb3952222810966e28e0ceb650c65cd9/era=1,PoolGdCeloV3Hi,1,true
CELO,42220,0xd86cd6bb3c2a576b2c2cef4e047b1a7adc5be62d,17237868,9223372036854775807,0xd86cd6bb3c2a576b2c2cef4e047b1a7adc5be62d,0x7f63d978bb61348d9321e9e9a382a2f88679edb38c483385333d4dbb0760fea9,announced,gd_dbt/seeds/contract_deployments.csv#CELO/0xd86cd6bb3c2a576b2c2cef4e047b1a7adc5be62d/era=1,ProxyFactory,1,true
CELO,42220,0xe45cab86609a16dfadec112fdd61e4ea80edaa8d,18468536,9223372036854775807,0xe45cab86609a16dfadec112fdd61e4ea80edaa8d,0x15ae5796a74f46cfb3b34a673823263ac0cbd3eb5bdb803a393516d0bc446375,announced,gd_dbt/seeds/contract_deployments.csv#CELO/0xe45cab86609a16dfadec112fdd61e4ea80edaa8d/era=1,SwapHelper,1,true
CELO,42220,0xf27ee99622c3c9b264583dacb2cce056e194494f,10155435,9223372036854775807,0xf27ee99622c3c9b264583dacb2cce056e194494f,0xcd92052cccde60e3a65926c5a58ebf8ba7ddd85e99f8bd7af270fdec0a409495,announced,gd_dbt/seeds/contract_deployments.csv#CELO/0xf27ee99622c3c9b264583dacb2cce056e194494f/era=1,MultichainRouter,1,true
